cavity_time_s,cavity_probe_ez_V_per_m
2.335067793382187157e-12,0.000000000000000000e+00
4.670135586764374314e-12,0.000000000000000000e+00
7.005203380146561471e-12,0.000000000000000000e+00
9.340271173528748629e-12,0.000000000000000000e+00
1.167533896691093659e-11,0.000000000000000000e+00
1.401040676029312294e-11,0.000000000000000000e+00
1.634547455367530929e-11,0.000000000000000000e+00
1.868054234705749726e-11,0.000000000000000000e+00
2.101561014043968522e-11,0.000000000000000000e+00
2.335067793382187319e-11,0.000000000000000000e+00
2.568574572720405792e-11,0.000000000000000000e+00
2.802081352058624589e-11,0.000000000000000000e+00
3.035588131396843385e-11,0.000000000000000000e+00
3.269094910735061858e-11,0.000000000000000000e+00
3.502601690073280978e-11,0.000000000000000000e+00
3.736108469411499451e-11,0.000000000000000000e+00
3.969615248749717925e-11,3.530589709477283122e-10
4.203122028087937044e-11,6.117684692164004900e-10
4.436628807426155518e-11,1.959918272120830807e-08
4.670135586764374637e-11,3.522548297496541636e-08
4.903642366102593111e-11,2.461183612467721105e-07
5.137149145440811584e-11,4.456714748357626377e-07
5.370655924779030704e-11,1.209265860779851209e-06
5.604162704117249177e-11,2.084327888951520436e-06
5.837669483455468297e-11,2.949434474430745468e-06
6.071176262793686770e-11,4.350031758804107085e-06
6.304683042131905244e-11,4.496517703955760226e-06
6.538189821470123717e-11,5.104042429593391716e-06
6.771696600808342190e-11,5.838389824930345640e-06
7.005203380146561956e-11,6.160261818877188489e-06
7.238710159484780429e-11,7.422443559335079044e-06
7.472216938822998903e-11,8.231380888901185244e-06
7.705723718161217376e-11,8.884632734407205135e-06
7.939230497499435850e-11,9.318371667177416384e-06
8.172737276837655615e-11,1.043334123096428812e-05
8.406244056175874089e-11,1.144995439972262830e-05
8.639750835514092562e-11,1.213994437421206385e-05
8.873257614852311036e-11,1.307249385718023404e-05
9.106764394190529509e-11,1.387217434967169538e-05
9.340271173528749275e-11,1.493139825470279902e-05
9.573777952866967748e-11,1.577710099809337407e-05
9.807284732205186222e-11,1.694094680715352297e-05
1.004079151154340469e-10,1.772697760316077620e-05
1.027429829088162317e-10,1.861584678408689797e-05
1.050780507021984164e-10,1.969196819118224084e-05
1.074131184955806141e-10,2.080232661683112383e-05
1.097481862889627988e-10,2.171416053897701204e-05
1.120832540823449835e-10,2.240049434476532042e-05
1.144183218757271683e-10,2.356555705773644149e-05
1.167533896691093659e-10,2.456540096318349242e-05
1.190884574624915507e-10,2.545967436162754893e-05
1.214235252558737354e-10,2.605250483611598611e-05
1.237585930492559201e-10,2.703787140490021557e-05
1.260936608426381049e-10,2.795316868287045509e-05
1.284287286360202896e-10,2.860925451386719942e-05
1.307637964294024743e-10,2.913911703217308968e-05
1.330988642227846591e-10,2.975324059661943465e-05
1.354339320161668438e-10,3.048351209145039320e-05
1.377689998095490544e-10,3.078496956732124090e-05
1.401040676029312391e-10,3.108852615696378052e-05
1.424391353963134239e-10,3.127565651084296405e-05
1.447742031896956086e-10,3.157320679747499526e-05
1.471092709830777933e-10,3.147959068883210421e-05
1.494443387764599781e-10,3.128988464595749974e-05
1.517794065698421628e-10,3.100501271546818316e-05
1.541144743632243475e-10,3.061603638343513012e-05
1.564495421566065323e-10,3.001842560479417443e-05
1.587846099499887170e-10,2.912065792770590633e-05
1.611196777433709017e-10,2.820119334501214325e-05
1.634547455367531123e-10,2.696974843274801970e-05
1.657898133301352970e-10,2.562802183092571795e-05
1.681248811235174818e-10,2.390100053162313998e-05
1.704599489168996665e-10,2.208005389547906816e-05
1.727950167102818512e-10,1.991277895285747945e-05
1.751300845036640360e-10,1.753954711603000760e-05
1.774651522970462207e-10,1.486963174102129415e-05
1.798002200904284054e-10,1.189505019283387810e-05
1.821352878838105902e-10,8.655666533741168678e-06
1.844703556771927749e-10,5.041767963120946661e-06
1.868054234705749855e-10,1.240113306266721338e-06
1.891404912639571702e-10,-3.033445409528212622e-06
1.914755590573393550e-10,-7.557299340987810865e-06
1.938106268507215397e-10,-1.251683170266915113e-05
1.961456946441037244e-10,-1.768947731761727482e-05
1.984807624374859092e-10,-2.334538476134184748e-05
2.008158302308680939e-10,-2.940155172836966813e-05
2.031508980242502786e-10,-3.585447848308831453e-05
2.054859658176324634e-10,-4.273532977094873786e-05
2.078210336110146481e-10,-5.011065877624787390e-05
2.101561014043968328e-10,-5.820144724566489458e-05
2.124911691977790434e-10,-6.675288022961467505e-05
2.148262369911612282e-10,-7.589990127598866820e-05
2.171613047845434129e-10,-8.554682426620274782e-05
2.194963725779255976e-10,-9.573580609867349267e-05
2.218314403713077824e-10,-1.061456423485651612e-04
2.241665081646899671e-10,-1.168233284261077642e-04
2.265015759580721518e-10,-1.276266993954777718e-04
2.288366437514543366e-10,-1.391071564285084605e-04
2.311717115448365213e-10,-1.508545828983187675e-04
2.335067793382187319e-10,-1.628672762308269739e-04
2.358418471316008908e-10,-1.756217679940164089e-04
2.381769149249831013e-10,-1.880601630546152592e-04
2.405119827183652602e-10,-2.010082534980028868e-04
2.428470505117474708e-10,-2.138703566743060946e-04
2.451821183051296297e-10,-2.266966912429779768e-04
2.475171860985118403e-10,-2.405083214398473501e-04
2.498522538918940509e-10,-2.542403817642480135e-04
2.521873216852762097e-10,-2.678217133507132530e-04
2.545223894786584203e-10,-2.815007464960217476e-04
2.568574572720405792e-10,-2.949360932689160109e-04
2.591925250654227898e-10,-3.081494651269167662e-04
2.615275928588049487e-10,-3.215695905964821577e-04
2.638626606521871593e-10,-3.350095357745885849e-04
2.661977284455693181e-10,-3.477810241747647524e-04
2.685327962389515287e-10,-3.604899975471198559e-04
2.708678640323336876e-10,-3.724547568708658218e-04
2.732029318257158982e-10,-3.836158721242100000e-04
2.755379996190981088e-10,-3.950625541619956493e-04
2.778730674124802677e-10,-4.056705802213400602e-04
2.802081352058624782e-10,-4.152778128627687693e-04
2.825432029992446371e-10,-4.238422843627631664e-04
2.848782707926268477e-10,-4.318740684539079666e-04
2.872133385860090066e-10,-4.387680382933467627e-04
2.895484063793912172e-10,-4.445099330041557550e-04
2.918834741727733761e-10,-4.493891901802271605e-04
2.942185419661555866e-10,-4.524194810073822737e-04
2.965536097595377455e-10,-4.540994414128363132e-04
2.988886775529199561e-10,-4.535064508672803640e-04
3.012237453463021667e-10,-4.510271246545016766e-04
3.035588131396843256e-10,-4.473382141441106796e-04
3.058938809330665362e-10,-4.425790975801646709e-04
3.082289487264486950e-10,-4.350063391029834747e-04
3.105640165198309056e-10,-4.250197962392121553e-04
3.128990843132130645e-10,-4.139219818171113729e-04
3.152341521065952751e-10,-3.998712636530399323e-04
3.175692198999774340e-10,-3.837071999441832304e-04
3.199042876933596446e-10,-3.648925630841404200e-04
3.222393554867418035e-10,-3.435417893342673779e-04
3.245744232801240140e-10,-3.198306076228618622e-04
3.269094910735062246e-10,-2.930968767032027245e-04
3.292445588668883835e-10,-2.636275603435933590e-04
3.315796266602705941e-10,-2.311970893060788512e-04
3.339146944536527530e-10,-1.955687766894698143e-04
3.362497622470349636e-10,-1.569048909004777670e-04
3.385848300404171224e-10,-1.151837059296667576e-04
3.409198978337993330e-10,-6.982591730775311589e-05
3.432549656271814919e-10,-2.133339512511156499e-05
3.455900334205637025e-10,3.057602589251473546e-05
3.479251012139458614e-10,8.534585504094138741e-05
3.502601690073280720e-10,1.437660830561071634e-04
3.525952368007102825e-10,2.057769161183387041e-04
3.549303045940924414e-10,2.707286330405622721e-04
3.572653723874746520e-10,3.391941427253186703e-04
3.596004401808568109e-10,4.109186411369591951e-04
3.619355079742390215e-10,4.864520451519638300e-04
3.642705757676211804e-10,5.647117504850029945e-04
3.666056435610033909e-10,6.460049771703779697e-04
3.689407113543855498e-10,7.303964812308549881e-04
3.712757791477677604e-10,8.180916192941367626e-04
3.736108469411499710e-10,9.085378842428326607e-04
3.759459147345321299e-10,1.001382246613502502e-03
3.782809825279143405e-10,1.097543165087699890e-03
3.806160503212964993e-10,1.195871504023671150e-03
3.829511181146787099e-10,1.296785660088062286e-03
3.852861859080608688e-10,1.399129978381097317e-03
3.876212537014430794e-10,1.503249164670705795e-03
3.899563214948252383e-10,1.609067083336412907e-03
3.922913892882074489e-10,1.715469523333013058e-03
3.946264570815896077e-10,1.823039725422859192e-03
3.969615248749718183e-10,1.931029721163213253e-03
3.992965926683540289e-10,2.039736835286021233e-03
4.016316604617361878e-10,2.148318570107221603e-03
4.039667282551183984e-10,2.256262814626097679e-03
4.063017960485005573e-10,2.363303676247596741e-03
4.086368638418827678e-10,2.469293074682354927e-03
4.109719316352649267e-10,2.573541365563869476e-03
4.133069994286471373e-10,2.675774972885847092e-03
4.156420672220292962e-10,2.775915665552020073e-03
4.179771350154115068e-10,2.872093813493847847e-03
4.203122028087936657e-10,2.965137362480163574e-03
4.226472706021758763e-10,3.053946653380990028e-03
4.249823383955580868e-10,3.137812484055757523e-03
4.273174061889402457e-10,3.216721815988421440e-03
4.296524739823224563e-10,3.289462765678763390e-03
4.319875417757046152e-10,3.356172703206539154e-03
4.343226095690868258e-10,3.415717743337154388e-03
4.366576773624689847e-10,3.468204289674758911e-03
4.389927451558511952e-10,3.512684954330325127e-03
4.413278129492333541e-10,3.548374399542808533e-03
4.436628807426155647e-10,3.575046313926577568e-03
4.459979485359977236e-10,3.591536078602075577e-03
4.483330163293799342e-10,3.597755217924714088e-03
4.506680841227621448e-10,3.592803375795483589e-03
4.530031519161443036e-10,3.576471935957670212e-03
4.553382197095265142e-10,3.547876607626676559e-03
4.576732875029086731e-10,3.506456734612584114e-03
4.600083552962908837e-10,3.452109405770897865e-03
4.623434230896730426e-10,3.383434843271970749e-03
4.646784908830552532e-10,3.300590673461556435e-03
4.670135586764374637e-10,3.202839288860559464e-03
4.693486264698196226e-10,3.089884761720895767e-03
4.716836942632017815e-10,2.961982274428009987e-03
4.740187620565840438e-10,2.817801665514707565e-03
4.763538298499662027e-10,2.657644916325807571e-03
4.786888976433483616e-10,2.480678260326385498e-03
4.810239654367305204e-10,2.286213217303156853e-03
4.833590332301127827e-10,2.074985997751355171e-03
4.856941010234949416e-10,1.846269122324883938e-03
4.880291688168771005e-10,1.599942566826939583e-03
4.903642366102592594e-10,1.336243352852761745e-03
4.926993044036415217e-10,1.055133412592113018e-03
4.950343721970236805e-10,7.561981910839676857e-04
4.973694399904058394e-10,4.395416472107172012e-04
4.997045077837881017e-10,1.052228471962735057e-04
5.020395755771702606e-10,-2.462727134115993977e-04
5.043746433705524195e-10,-6.139176548458635807e-04
5.067097111639345784e-10,-9.989344980567693710e-04
5.090447789573168406e-10,-1.400572247803211212e-03
5.113798467506989995e-10,-1.817528973333537579e-03
5.137149145440811584e-10,-2.250416437163949013e-03
5.160499823374633173e-10,-2.697801217436790466e-03
5.183850501308455796e-10,-3.159054322168231010e-03
5.207201179242277385e-10,-3.633539658039808273e-03
5.230551857176098974e-10,-4.120045341551303864e-03
5.253902535109921596e-10,-4.617968108505010605e-03
5.277253213043743185e-10,-5.126018077135086060e-03
5.300603890977564774e-10,-5.643836222589015961e-03
5.323954568911386363e-10,-6.169870495796203613e-03
5.347305246845208986e-10,-6.702793296426534653e-03
5.370655924779030575e-10,-7.240933366119861603e-03
5.394006602712852163e-10,-7.783056236803531647e-03
5.417357280646673752e-10,-8.328333497047424316e-03
5.440707958580496375e-10,-8.873868733644485474e-03
5.464058636514317964e-10,-9.418957866728305817e-03
5.487409314448139553e-10,-9.962074458599090576e-03
5.510759992381962176e-10,-1.050121989101171494e-02
5.534110670315783764e-10,-1.103474199771881104e-02
5.557461348249605353e-10,-1.156028546392917633e-02
5.580812026183426942e-10,-1.207638531923294067e-02
5.604162704117249565e-10,-1.258129626512527466e-02
5.627513382051071154e-10,-1.307226903736591339e-02
5.650864059984892743e-10,-1.354746893048286438e-02
5.674214737918714331e-10,-1.400520745664834976e-02
5.697565415852536954e-10,-1.444273721426725388e-02
5.720916093786358543e-10,-1.485873665660619736e-02
5.744266771720180132e-10,-1.525033265352249146e-02
5.767617449654002755e-10,-1.561560016125440598e-02
5.790968127587824344e-10,-1.595249958336353302e-02
5.814318805521645932e-10,-1.625816337764263153e-02
5.837669483455467521e-10,-1.653120294213294983e-02
5.861020161389290144e-10,-1.676911115646362305e-02
5.884370839323111733e-10,-1.696996018290519714e-02
5.907721517256933322e-10,-1.713157817721366882e-02
5.931072195190754911e-10,-1.725146546959877014e-02
5.954422873124577533e-10,-1.732786558568477631e-02
5.977773551058399122e-10,-1.735960505902767181e-02
6.001124228992220711e-10,-1.734383217990398407e-02
6.024474906926043334e-10,-1.727875135838985443e-02
6.047825584859864923e-10,-1.716322079300880432e-02
6.071176262793686512e-10,-1.699568517506122589e-02
6.094526940727508100e-10,-1.677437871694564819e-02
6.117877618661330723e-10,-1.649728044867515564e-02
6.141228296595152312e-10,-1.616386324167251587e-02
6.164578974528973901e-10,-1.577279530465602875e-02
6.187929652462795490e-10,-1.532308571040630341e-02
6.211280330396618113e-10,-1.481322385370731354e-02
6.234631008330439701e-10,-1.424300298094749451e-02
6.257981686264261290e-10,-1.361155323684215546e-02
6.281332364198083913e-10,-1.291823294013738632e-02
6.304683042131905502e-10,-1.216323953121900558e-02
6.328033720065727091e-10,-1.134597789496183395e-02
6.351384397999548680e-10,-1.046669203788042068e-02
6.374735075933371303e-10,-9.525497443974018097e-03
6.398085753867192891e-10,-8.523865602910518646e-03
6.421436431801014480e-10,-7.461805827915668488e-03
6.444787109734836069e-10,-6.340071093291044235e-03
6.468137787668658692e-10,-5.159681662917137146e-03
6.491488465602480281e-10,-3.922199830412864685e-03
6.514839143536301870e-10,-2.629105001688003540e-03
6.538189821470124492e-10,-1.282366923987865448e-03
6.561540499403946081e-10,1.154763740487396717e-04
6.584891177337767670e-10,1.563681405968964100e-03
6.608241855271589259e-10,3.059116657823324203e-03
6.631592533205411882e-10,4.598655737936496735e-03
6.654943211139233471e-10,6.179520394653081894e-03
6.678293889073055059e-10,7.799638435244560242e-03
6.701644567006876648e-10,9.454839862883090973e-03
6.724995244940699271e-10,1.114168204367160797e-02
6.748345922874520860e-10,1.285714935511350632e-02
6.771696600808342449e-10,1.459648646414279938e-02
6.795047278742165072e-10,1.635630801320075989e-02
6.818397956675986660e-10,1.813177205622196198e-02
6.841748634609808249e-10,1.991861499845981598e-02
6.865099312543629838e-10,2.171211503446102142e-02
6.888449990477452461e-10,2.350760810077190399e-02
6.911800668411274050e-10,2.530017122626304626e-02
6.935151346345095639e-10,2.708466537296772003e-02
6.958502024278917227e-10,2.885592170059680939e-02
6.981852702212739850e-10,3.060824237763881683e-02
7.005203380146561439e-10,3.233598917722702026e-02
7.028554058080383028e-10,3.403388708829879761e-02
7.051904736014205651e-10,3.569676354527473450e-02
7.075255413948027240e-10,3.731889277696609497e-02
7.098606091881848828e-10,3.889495506882667542e-02
7.121956769815670417e-10,4.041801765561103821e-02
7.145307447749493040e-10,4.188327491283416748e-02
7.168658125683314629e-10,4.328468814492225647e-02
7.192008803617136218e-10,4.461580514907836914e-02
7.215359481550957807e-10,4.587206989526748657e-02
7.238710159484780429e-10,4.704728350043296814e-02
7.262060837418602018e-10,4.813616722822189331e-02
7.285411515352423607e-10,4.913310334086418152e-02
7.308762193286246230e-10,5.003238096833229065e-02
7.332112871220067819e-10,5.082942917943000793e-02
7.355463549153889408e-10,5.151932686567306519e-02
7.378814227087710997e-10,5.209678784012794495e-02
7.402164905021533619e-10,5.255739018321037292e-02
7.425515582955355208e-10,5.289668217301368713e-02
7.448866260889176797e-10,5.311002209782600403e-02
7.472216938822999420e-10,5.319381505250930786e-02
7.495567616756821009e-10,5.314471200108528137e-02
7.518918294690642598e-10,5.295863002538681030e-02
7.542268972624464186e-10,5.263337120413780212e-02
7.565619650558286809e-10,5.216525122523307800e-02
7.588970328492108398e-10,5.155185610055923462e-02
7.612321006425929987e-10,5.079181864857673645e-02
7.635671684359751576e-10,4.988260567188262939e-02
7.659022362293574199e-10,4.882406070828437805e-02
7.682373040227395787e-10,4.761411249637603760e-02
7.705723718161217376e-10,4.625269770622253418e-02
7.729074396095039999e-10,4.473927989602088928e-02
7.752425074028861588e-10,4.307433590292930603e-02
7.775775751962683177e-10,4.125928506255149841e-02
7.799126429896504766e-10,3.929466754198074341e-02
7.822477107830327388e-10,3.718226030468940735e-02
7.845827785764148977e-10,3.492412343621253967e-02
7.869178463697970566e-10,3.252388164401054382e-02
7.892529141631792155e-10,2.998297289013862610e-02
7.915879819565614778e-10,2.730532176792621613e-02
7.939230497499436367e-10,2.449459210038185120e-02
7.962581175433257955e-10,2.155618183314800262e-02
7.985931853367080578e-10,1.849434524774551392e-02
8.009282531300902167e-10,1.531367562711238861e-02
8.032633209234723756e-10,1.202128268778324127e-02
8.055983887168545345e-10,8.621991612017154694e-03
8.079334565102367968e-10,5.123645067214965820e-03
8.102685243036189556e-10,1.532171037979424000e-03
8.126035920970011145e-10,-2.143927849829196930e-03
8.149386598903832734e-10,-5.897699855268001556e-03
8.172737276837655357e-10,-9.720591828227043152e-03
8.196087954771476946e-10,-1.360360439866781235e-02
8.219438632705298535e-10,-1.753933914005756378e-02
8.242789310639121157e-10,-2.151666767895221710e-02
8.266139988572942746e-10,-2.552826516330242157e-02
8.289490666506764335e-10,-2.956260368227958679e-02
8.312841344440585924e-10,-3.361010551452636719e-02
8.336192022374408547e-10,-3.766122087836265564e-02
8.359542700308230136e-10,-4.170424118638038635e-02
8.382893378242051724e-10,-4.572981595993041992e-02
8.406244056175873313e-10,-4.972638562321662903e-02
8.429594734109695936e-10,-5.368383973836898804e-02
8.452945412043517525e-10,-5.758994072675704956e-02
8.476296089977339114e-10,-6.143363937735557556e-02
8.499646767911161737e-10,-6.520473957061767578e-02
8.522997445844983326e-10,-6.889156997203826904e-02
8.546348123778804914e-10,-7.248376309871673584e-02
8.569698801712626503e-10,-7.596988230943679810e-02
8.593049479646449126e-10,-7.933820039033889771e-02
8.616400157580270715e-10,-8.257874101400375366e-02
8.639750835514092304e-10,-8.568188548088073730e-02
8.663101513447913893e-10,-8.863522112369537354e-02
8.686452191381736515e-10,-9.142930060625076294e-02
8.709802869315558104e-10,-9.405559301376342773e-02
8.733153547249379693e-10,-9.650218486785888672e-02
8.756504225183202316e-10,-9.876062721014022827e-02
8.779854903117023905e-10,-1.008217781782150269e-01
8.803205581050845494e-10,-1.026779115200042725e-01
8.826556258984667082e-10,-1.043204665184020996e-01
8.849906936918489705e-10,-1.057412624359130859e-01
8.873257614852311294e-10,-1.069332435727119446e-01
8.896608292786132883e-10,-1.078891158103942871e-01
8.919958970719954472e-10,-1.086047217249870300e-01
8.943309648653777095e-10,-1.090718284249305725e-01
8.966660326587598683e-10,-1.092874258756637573e-01
8.990011004521420272e-10,-1.092465221881866455e-01
9.013361682455242895e-10,-1.089447587728500366e-01
9.036712360389064484e-10,-1.083795055747032166e-01
9.060063038322886073e-10,-1.075465306639671326e-01
9.083413716256707662e-10,-1.064465939998626709e-01
9.106764394190530284e-10,-1.050754711031913757e-01
9.130115072124351873e-10,-1.034354418516159058e-01
9.153465750058173462e-10,-1.015255227684974670e-01
9.176816427991995051e-10,-9.934604167938232422e-02
9.200167105925817674e-10,-9.690020978450775146e-02
9.223517783859639263e-10,-9.418775141239166260e-02
9.246868461793460851e-10,-9.121409058570861816e-02
9.270219139727283474e-10,-8.798231929540634155e-02
9.293569817661105063e-10,-8.449759334325790405e-02
9.316920495594927686e-10,-8.076395094394683838e-02
9.340271173528749275e-10,-7.678788900375366211e-02
9.363621851462570864e-10,-7.257586717605590820e-02
9.386972529396392452e-10,-6.813574582338333130e-02
9.410323207330214041e-10,-6.347563117742538452e-02
9.433673885264035630e-10,-5.860318616032600403e-02
9.457024563197857219e-10,-5.352942273020744324e-02
9.480375241131680876e-10,-4.826325178146362305e-02
9.503725919065502465e-10,-4.281612113118171692e-02
9.527076596999324053e-10,-3.719772771000862122e-02
9.550427274933145642e-10,-3.142169117927551270e-02
9.573777952866967231e-10,-2.549963817000389099e-02
9.597128630800788820e-10,-1.944398693740367889e-02
9.620479308734610409e-10,-1.326846890151500702e-02
9.643829986668431998e-10,-6.985656451433897018e-03
9.667180664602255655e-10,-6.117434240877628326e-04
9.690531342536077243e-10,5.840927828103303909e-03
9.713882020469898832e-10,1.235496345907449722e-02
9.737232698403720421e-10,1.891685090959072113e-02
9.760583376337542010e-10,2.551026083528995514e-02
9.783934054271363599e-10,3.211871162056922913e-02
9.807284732205185188e-10,3.872920200228691101e-02
9.830635410139008844e-10,4.532251507043838501e-02
9.853986088072830433e-10,5.188441649079322815e-02
9.877336766006652022e-10,5.839765444397926331e-02
9.900687443940473611e-10,6.484640389680862427e-02
9.924038121874295200e-10,7.121406495571136475e-02
9.947388799808116789e-10,7.748460024595260620e-02
9.970739477741938377e-10,8.364241570234298706e-02
9.994090155675762034e-10,8.967018872499465942e-02
1.001744083360958362e-09,9.555492550134658813e-02
1.004079151154340521e-09,1.012770831584930420e-01
1.006414218947722680e-09,1.068242117762565613e-01
1.008749286741104839e-09,1.121812090277671814e-01
1.011084354534486998e-09,1.173317134380340576e-01
1.013419422327869157e-09,1.222640499472618103e-01
1.015754490121251316e-09,1.269616931676864624e-01
1.018089557914633681e-09,1.314146667718887329e-01
1.020424625708015840e-09,1.356076747179031372e-01
1.022759693501397999e-09,1.395296156406402588e-01
1.025094761294780158e-09,1.431692540645599365e-01
1.027429829088162317e-09,1.465132236480712891e-01
1.029764896881544476e-09,1.495545208454132080e-01
1.032099964674926635e-09,1.522818803787231445e-01
1.034435032468309000e-09,1.546870321035385132e-01
1.036770100261691159e-09,1.567605435848236084e-01
1.039105168055073318e-09,1.584960073232650757e-01
1.041440235848455477e-09,1.598860472440719604e-01
1.043775303641837636e-09,1.609252244234085083e-01
1.046110371435219795e-09,1.616099923849105835e-01
1.048445439228601954e-09,1.619326323270797729e-01
1.050780507021984319e-09,1.618938595056533813e-01
1.053115574815366478e-09,1.614889502525329590e-01
1.055450642608748637e-09,1.607154905796051025e-01
1.057785710402130796e-09,1.595750153064727783e-01
1.060120778195512955e-09,1.580669283866882324e-01
1.062455845988895114e-09,1.561931371688842773e-01
1.064790913782277273e-09,1.539544314146041870e-01
1.067125981575659431e-09,1.513548642396926880e-01
1.069461049369041797e-09,1.483965218067169189e-01
1.071796117162423956e-09,1.450861245393753052e-01
1.074131184955806115e-09,1.414289325475692749e-01
1.076466252749188274e-09,1.374296545982360840e-01
1.078801320542570433e-09,1.330980211496353149e-01
1.081136388335952592e-09,1.284398883581161499e-01
1.083471456129334750e-09,1.234659031033515930e-01
1.085806523922717116e-09,1.181851625442504883e-01
1.088141591716099275e-09,1.126092672348022461e-01
1.090476659509481434e-09,1.067496240139007568e-01
1.092811727302863593e-09,1.006155610084533691e-01
1.095146795096245752e-09,9.422375261783599854e-02
1.097481862889627911e-09,8.758462220430374146e-02
1.099816930683010069e-09,8.071320503950119019e-02
1.102151998476392435e-09,7.362493872642517090e-02
1.104487066269774594e-09,6.633386015892028809e-02
1.106822134063156753e-09,5.885656177997589111e-02
1.109157201856538912e-09,5.120974406599998474e-02
1.111492269649921071e-09,4.341028258204460144e-02
1.113827337443303230e-09,3.547335416078567505e-02
1.116162405236685388e-09,2.741976827383041382e-02
1.118497473030067547e-09,1.926451921463012695e-02
1.120832540823449913e-09,1.102709770202636719e-02
1.123167608616832072e-09,2.726553706452250481e-03
1.125502676410214231e-09,-5.619412753731012344e-03
1.127837744203596390e-09,-1.399178616702556610e-02
1.130172811996978549e-09,-2.237167209386825562e-02
1.132507879790360707e-09,-3.073726035654544830e-02
1.134842947583742866e-09,-3.907376527786254883e-02
1.137178015377125232e-09,-4.735943302512168884e-02
1.139513083170507391e-09,-5.557632818818092346e-02
1.141848150963889550e-09,-6.370478868484497070e-02
1.144183218757271709e-09,-7.172680646181106567e-02
1.146518286550653867e-09,-7.962445169687271118e-02
1.148853354344036026e-09,-8.737709373235702515e-02
1.151188422137418185e-09,-9.496971219778060913e-02
1.153523489930800551e-09,-1.023811623454093933e-01
1.155858557724182710e-09,-1.095980480313301086e-01
1.158193625517564869e-09,-1.166001707315444946e-01
1.160528693310947028e-09,-1.233718395233154297e-01
1.162863761104329186e-09,-1.298994868993759155e-01
1.165198828897711345e-09,-1.361639946699142456e-01
1.167533896691093504e-09,-1.421537548303604126e-01
1.169868964484475663e-09,-1.478530019521713257e-01
1.172204032277858029e-09,-1.532481312751770020e-01
1.174539100071240188e-09,-1.583264768123626709e-01
1.176874167864622347e-09,-1.630761325359344482e-01
1.179209235658004505e-09,-1.674841642379760742e-01
1.181544303451386664e-09,-1.715420037508010864e-01
1.183879371244768823e-09,-1.752383410930633545e-01
1.186214439038150982e-09,-1.785631775856018066e-01
1.188549506831533348e-09,-1.815113723278045654e-01
1.190884574624915507e-09,-1.840716302394866943e-01
1.193219642418297666e-09,-1.862400025129318237e-01
1.195554710211679824e-09,-1.880088746547698975e-01
1.197889778005061983e-09,-1.893753409385681152e-01
1.200224845798444142e-09,-1.903349310159683228e-01
1.202559913591826301e-09,-1.908822953701019287e-01
1.204894981385208667e-09,-1.910193115472793579e-01
1.207230049178590826e-09,-1.907412260770797729e-01
1.209565116971972985e-09,-1.900506764650344849e-01
1.211900184765355143e-09,-1.889474093914031982e-01
1.214235252558737302e-09,-1.874320507049560547e-01
1.216570320352119461e-09,-1.855086684226989746e-01
1.218905388145501620e-09,-1.831793934106826782e-01
1.221240455938883986e-09,-1.804501563310623169e-01
1.223575523732266145e-09,-1.773241013288497925e-01
1.225910591525648304e-09,-1.738105118274688721e-01
1.228245659319030462e-09,-1.699136048555374146e-01
1.230580727112412621e-09,-1.656424105167388916e-01
1.232915794905794780e-09,-1.610077023506164551e-01
1.235250862699176939e-09,-1.560148596763610840e-01
1.237585930492559098e-09,-1.506774127483367920e-01
1.239920998285941464e-09,-1.450056284666061401e-01
1.242256066079323623e-09,-1.390128135681152344e-01
1.244591133872705781e-09,-1.327093243598937988e-01
1.246926201666087940e-09,-1.261093318462371826e-01
1.249261269459470099e-09,-1.192280426621437073e-01
1.251596337252852258e-09,-1.120773926377296448e-01
1.253931405046234417e-09,-1.046756953001022339e-01
1.256266472839616783e-09,-9.703668206930160522e-02
1.258601540632998942e-09,-8.917815983295440674e-02
1.260936608426381100e-09,-8.111638575792312622e-02
1.263271676219763259e-09,-7.286843657493591309e-02
1.265606744013145418e-09,-6.445245444774627686e-02
1.267941811806527577e-09,-5.588610842823982239e-02
1.270276879599909736e-09,-4.718935117125511169e-02
1.272611947393292102e-09,-3.837843611836433411e-02
1.274947015186674261e-09,-2.947440557181835175e-02
1.277282082980056419e-09,-2.049580030143260956e-02
1.279617150773438578e-09,-1.146129239350557327e-02
1.281952218566820737e-09,-2.391119953244924545e-03
1.284287286360202896e-09,6.694646086543798447e-03
1.286622354153585055e-09,1.577653363347053528e-02
1.288957421946967214e-09,2.483560703694820404e-02
1.291292489740349579e-09,3.385185822844505310e-02
1.293627557533731738e-09,4.280601814389228821e-02
1.295962625327113897e-09,5.167789384722709656e-02
1.298297693120496056e-09,6.045008078217506409e-02
1.300632760913878215e-09,6.910187005996704102e-02
1.302967828707260374e-09,7.761461287736892700e-02
1.305302896500642533e-09,8.597085624933242798e-02
1.307637964294024898e-09,9.415188431739807129e-02
1.309973032087407057e-09,1.021399125456809998e-01
1.312308099880789216e-09,1.099169626832008362e-01
1.314643167674171375e-09,1.174672618508338928e-01
1.316978235467553534e-09,1.247743219137191772e-01
1.319313303260935693e-09,1.318229138851165771e-01
1.321648371054317852e-09,1.385955363512039185e-01
1.323983438847700217e-09,1.450793445110321045e-01
1.326318506641082376e-09,1.512601077556610107e-01
1.328653574434464535e-09,1.571230739355087280e-01
1.330988642227846694e-09,1.626567244529724121e-01
1.333323710021228853e-09,1.678484976291656494e-01
1.335658777814611012e-09,1.726886332035064697e-01
1.337993845607993171e-09,1.771639138460159302e-01
1.340328913401375330e-09,1.812668293714523315e-01
1.342663981194757695e-09,1.849876791238784790e-01
1.344999048988139854e-09,1.883182823657989502e-01
1.347334116781522013e-09,1.912517398595809937e-01
1.349669184574904172e-09,1.937808692455291748e-01
1.352004252368286331e-09,1.959011852741241455e-01
1.354339320161668490e-09,1.976058483123779297e-01
1.356674387955050649e-09,1.988940387964248657e-01
1.359009455748433014e-09,1.997605860233306885e-01
1.361344523541815173e-09,2.002049386501312256e-01
1.363679591335197332e-09,2.002256214618682861e-01
1.366014659128579491e-09,1.998205482959747314e-01
1.368349726921961650e-09,1.989938616752624512e-01
1.370684794715343809e-09,1.977447420358657837e-01
1.373019862508725968e-09,1.960771083831787109e-01
1.375354930302108333e-09,1.939940005540847778e-01
1.377689998095490492e-09,1.914998888969421387e-01
1.380025065888872651e-09,1.885994970798492432e-01
1.382360133682254810e-09,1.852988451719284058e-01
1.384695201475636969e-09,1.816055923700332642e-01
1.387030269269019128e-09,1.775263994932174683e-01
1.389365337062401287e-09,1.730708777904510498e-01
1.391700404855783445e-09,1.682474315166473389e-01
1.394035472649165811e-09,1.630676388740539551e-01
1.396370540442547970e-09,1.575417220592498779e-01
1.398705608235930129e-09,1.516803503036499023e-01
1.401040676029312288e-09,1.454979181289672852e-01
1.403375743822694447e-09,1.390055865049362183e-01
1.405710811616076606e-09,1.322181671857833862e-01
1.408045879409458764e-09,1.251506954431533813e-01
1.410380947202841130e-09,1.178159713745117188e-01
1.412716014996223289e-09,1.102312728762626648e-01
1.415051082789605448e-09,1.024119332432746887e-01
1.417386150582987607e-09,9.437518566846847534e-02
1.419721218376369766e-09,8.613704890012741089e-02
1.422056286169751925e-09,7.771515101194381714e-02
1.424391353963134083e-09,6.912883371114730835e-02
1.426726421756516449e-09,6.039350852370262146e-02
1.429061489549898608e-09,5.152968689799308777e-02
1.431396557343280767e-09,4.255566373467445374e-02
1.433731625136662926e-09,3.348962590098381042e-02
1.436066692930045085e-09,2.435108833014965057e-02
1.438401760723427244e-09,1.516145467758178711e-02
1.440736828516809402e-09,5.938252899795770645e-03
1.443071896310191561e-09,-3.300767391920089722e-03
1.445406964103573927e-09,-1.253275852650403976e-02
1.447742031896956086e-09,-2.174105308949947357e-02
1.450077099690338245e-09,-3.090371564030647278e-02
1.452412167483720404e-09,-4.000234976410865784e-02
1.454747235277102563e-09,-4.901952296495437622e-02
1.457082303070484721e-09,-5.793377757072448730e-02
1.459417370863866880e-09,-6.672681868076324463e-02
1.461752438657249246e-09,-7.538060843944549561e-02
1.464087506450631405e-09,-8.387760072946548462e-02
1.466422574244013564e-09,-9.219803661108016968e-02
1.468757642037395723e-09,-1.003255471587181091e-01
1.471092709830777882e-09,-1.082432791590690613e-01
1.473427777624160040e-09,-1.159331649541854858e-01
1.475762845417542199e-09,-1.233799830079078674e-01
1.478097913210924565e-09,-1.305688172578811646e-01
1.480432981004306724e-09,-1.374838054180145264e-01
1.482768048797688883e-09,-1.441097706556320190e-01
1.485103116591071042e-09,-1.504325419664382935e-01
1.487438184384453201e-09,-1.564406454563140869e-01
1.489773252177835359e-09,-1.621199697256088257e-01
1.492108319971217518e-09,-1.674577742815017700e-01
1.494443387764599884e-09,-1.724457442760467529e-01
1.496778455557982043e-09,-1.770700365304946899e-01
1.499113523351364202e-09,-1.813227385282516479e-01
1.501448591144746361e-09,-1.851945072412490845e-01
1.503783658938128520e-09,-1.886770576238632202e-01
1.506118726731510678e-09,-1.917651146650314331e-01
1.508453794524892837e-09,-1.944488883018493652e-01
1.510788862318274996e-09,-1.967250257730484009e-01
1.513123930111657362e-09,-1.985865831375122070e-01
1.515458997905039521e-09,-2.000306248664855957e-01
1.517794065698421680e-09,-2.010556459426879883e-01
1.520129133491803838e-09,-2.016570270061492920e-01
1.522464201285185997e-09,-2.018365114927291870e-01
1.524799269078568156e-09,-2.015915960073471069e-01
1.527134336871950315e-09,-2.009228616952896118e-01
1.529469404665332681e-09,-1.998316198587417603e-01
1.531804472458714840e-09,-1.983207911252975464e-01
1.534139540252096999e-09,-1.963944137096405029e-01
1.536474608045479157e-09,-1.940535157918930054e-01
1.538809675838861316e-09,-1.913066208362579346e-01
1.541144743632243475e-09,-1.881572753190994263e-01
1.543479811425625634e-09,-1.846116483211517334e-01
1.545814879219008000e-09,-1.806797087192535400e-01
1.548149947012390159e-09,-1.763670891523361206e-01
1.550485014805772318e-09,-1.716841310262680054e-01
1.552820082599154476e-09,-1.666408330202102661e-01
1.555155150392536635e-09,-1.612471640110015869e-01
1.557490218185918794e-09,-1.555146872997283936e-01
1.559825285979300953e-09,-1.494550555944442749e-01
1.562160353772683112e-09,-1.430820077657699585e-01
1.564495421566065478e-09,-1.364081501960754395e-01
1.566830489359447637e-09,-1.294471919536590576e-01
1.569165557152829795e-09,-1.222164854407310486e-01
1.571500624946211954e-09,-1.147266626358032227e-01
1.573835692739594113e-09,-1.069957986474037170e-01
1.576170760532976272e-09,-9.904031455516815186e-02
1.578505828326358431e-09,-9.087608754634857178e-02
1.580840896119740797e-09,-8.252242207527160645e-02
1.583175963913122956e-09,-7.399312406778335571e-02
1.585511031706505114e-09,-6.531075388193130493e-02
1.587846099499887273e-09,-5.648910626769065857e-02
1.590181167293269432e-09,-4.754944890737533569e-02
1.592516235086651591e-09,-3.850965946912765503e-02
1.594851302880033750e-09,-2.938730642199516296e-02
1.597186370673416116e-09,-2.020542137324810028e-02
1.599521438466798275e-09,-1.097824610769748688e-02
1.601856506260180433e-09,-1.730040879920125008e-03
1.604191574053562592e-09,7.523672189563512802e-03
1.606526641846944751e-09,1.676126383244991302e-02
1.608861709640326910e-09,2.596393600106239319e-02
1.611196777433709069e-09,3.511229529976844788e-02
1.613531845227091228e-09,4.418637230992317200e-02
1.615866913020473594e-09,5.316996574401855469e-02
1.618201980813855752e-09,6.203931197524070740e-02
1.620537048607237911e-09,7.078071683645248413e-02
1.622872116400620070e-09,7.937265187501907349e-02
1.625207184194002229e-09,8.779928088188171387e-02
1.627542251987384388e-09,9.604151546955108643e-02
1.629877319780766547e-09,1.040804982185363770e-01
1.632212387574148913e-09,1.119036823511123657e-01
1.634547455367531071e-09,1.194905936717987061e-01
1.636882523160913230e-09,1.268276721239089966e-01
1.639217590954295389e-09,1.338975429534912109e-01
1.641552658747677548e-09,1.406864970922470093e-01
1.643887726541059707e-09,1.471814960241317749e-01
1.646222794334441866e-09,1.533662825822830200e-01
1.648557862127824231e-09,1.592296659946441650e-01
1.650892929921206390e-09,1.647592186927795410e-01
1.653227997714588549e-09,1.699430942535400391e-01
1.655563065507970708e-09,1.747696995735168457e-01
1.657898133301352867e-09,1.792297959327697754e-01
1.660233201094735026e-09,1.833138614892959595e-01
1.662568268888117185e-09,1.870121508836746216e-01
1.664903336681499344e-09,1.903185248374938965e-01
1.667238404474881709e-09,1.932243406772613525e-01
1.669573472268263868e-09,1.957256346940994263e-01
1.671908540061646027e-09,1.978156715631484985e-01
1.674243607855028186e-09,1.994897425174713135e-01
1.676578675648410345e-09,2.007452696561813354e-01
1.678913743441792504e-09,2.015787959098815918e-01
1.681248811235174663e-09,2.019907236099243164e-01
1.683583879028557028e-09,2.019772678613662720e-01
1.685918946821939187e-09,2.015402615070343018e-01
1.688254014615321346e-09,2.006790488958358765e-01
1.690589082408703505e-09,1.993973851203918457e-01
1.692924150202085664e-09,1.976968497037887573e-01
1.695259217995467823e-09,1.955804973840713501e-01
1.697594285788849982e-09,1.930554062128067017e-01
1.699929353582232347e-09,1.901234388351440430e-01
1.702264421375614506e-09,1.867933869361877441e-01
1.704599489168996665e-09,1.830696016550064087e-01
1.706934556962378824e-09,1.789635717868804932e-01
1.709269624755760983e-09,1.744795590639114380e-01
1.711604692549143142e-09,1.696300208568572998e-01
1.713939760342525301e-09,1.644259542226791382e-01
1.716274828135907460e-09,1.588746756315231323e-01
1.718609895929289825e-09,1.529918164014816284e-01
1.720944963722671984e-09,1.467849314212799072e-01
1.723280031516054143e-09,1.402730792760848999e-01
1.725615099309436302e-09,1.334651559591293335e-01
1.727950167102818461e-09,1.263776123523712158e-01
1.730285234896200620e-09,1.190243959426879883e-01
1.732620302689582779e-09,1.114202588796615601e-01
1.734955370482965144e-09,1.035841479897499084e-01
1.737290438276347303e-09,9.552846848964691162e-02
1.739625506069729462e-09,8.727424591779708862e-02
1.741960573863111621e-09,7.883494347333908081e-02
1.744295641656493780e-09,7.023192197084426880e-02
1.746630709449875939e-09,6.148038432002067566e-02
1.748965777243258097e-09,5.260121077299118042e-02
1.751300845036640463e-09,4.361168295145034790e-02
1.753635912830022622e-09,3.452889248728752136e-02
1.755970980623404781e-09,2.537645027041435242e-02
1.758306048416786940e-09,1.616915501654148102e-02
1.760641116210169099e-09,6.928997114300727844e-03
1.762976184003551258e-09,-2.327566733583807945e-03
1.765311251796933416e-09,-1.157765183597803116e-02
1.767646319590315575e-09,-2.080427296459674835e-02
1.769981387383697941e-09,-2.998704090714454651e-02
1.772316455177080100e-09,-3.910520672798156738e-02
1.774651522970462259e-09,-4.814287647604942322e-02
1.776986590763844418e-09,-5.707757920026779175e-02
1.779321658557226577e-09,-6.589527428150177002e-02
1.781656726350608735e-09,-7.457267493009567261e-02
1.783991794143990894e-09,-8.309310674667358398e-02
1.786326861937373260e-09,-9.143923223018646240e-02
1.788661929730755419e-09,-9.959287196397781372e-02
1.790996997524137578e-09,-1.075393483042716980e-01
1.793332065317519737e-09,-1.152577623724937439e-01
1.795667133110901896e-09,-1.227356567978858948e-01
1.798002200904284054e-09,-1.299550384283065796e-01
1.800337268697666213e-09,-1.369022428989410400e-01
1.802672336491048579e-09,-1.435624957084655762e-01
1.805007404284430738e-09,-1.499189138412475586e-01
1.807342472077812897e-09,-1.559631526470184326e-01
1.809677539871195056e-09,-1.616795808076858521e-01
1.812012607664577215e-09,-1.670564264059066772e-01
1.814347675457959373e-09,-1.720817536115646362e-01
1.816682743251341532e-09,-1.767475605010986328e-01
1.819017811044723898e-09,-1.810420453548431396e-01
1.821352878838106057e-09,-1.849548667669296265e-01
1.823687946631488216e-09,-1.884824484586715698e-01
1.826023014424870375e-09,-1.916110813617706299e-01
1.828358082218252534e-09,-1.943403333425521851e-01
1.830693150011634692e-09,-1.966608762741088867e-01
1.833028217805016851e-09,-1.985675394535064697e-01
1.835363285598399010e-09,-2.000602483749389648e-01
1.837698353391781376e-09,-2.011307030916213989e-01
1.840033421185163535e-09,-2.017804682254791260e-01
1.842368488978545694e-09,-2.020042538642883301e-01
1.844703556771927853e-09,-2.018069028854370117e-01
1.847038624565310011e-09,-2.011854946613311768e-01
1.849373692358692170e-09,-2.001402378082275391e-01
1.851708760152074329e-09,-1.986773014068603516e-01
1.854043827945456695e-09,-1.967956125736236572e-01
1.856378895738838854e-09,-1.945038884878158569e-01
1.858713963532221013e-09,-1.918018609285354614e-01
1.861049031325603172e-09,-1.886974722146987915e-01
1.863384099118985537e-09,-1.851977556943893433e-01
1.865719166912367489e-09,-1.813093423843383789e-01
1.868054234705749855e-09,-1.770424842834472656e-01
1.870389302499131807e-09,-1.724005490541458130e-01
1.872724370292514173e-09,-1.673987656831741333e-01
1.875059438085896125e-09,-1.620468646287918091e-01
1.877394505879278490e-09,-1.563526540994644165e-01
1.879729573672660856e-09,-1.503319293260574341e-01
1.882064641466042808e-09,-1.439953446388244629e-01
1.884399709259425174e-09,-1.373570412397384644e-01
1.886734777052807126e-09,-1.304305642843246460e-01
1.889069844846189492e-09,-1.232289969921112061e-01
1.891404912639571444e-09,-1.157695576548576355e-01
1.893739980432953809e-09,-1.080679222941398621e-01
1.896075048226336175e-09,-1.001397669315338135e-01
1.898410116019718127e-09,-9.199965745210647583e-02
1.900745183813100493e-09,-8.366674929857254028e-02
1.903080251606482445e-09,-7.515954971313476562e-02
1.905415319399864811e-09,-6.649272888898849487e-02
1.907750387193246763e-09,-5.768711864948272705e-02
1.910085454986629128e-09,-4.876051843166351318e-02
1.912420522780011081e-09,-3.973088786005973816e-02
1.914755590573393446e-09,-3.061906062066555023e-02
1.917090658366775812e-09,-2.144172787666320801e-02
1.919425726160157764e-09,-1.222000550478696823e-02
1.921760793953540130e-09,-2.972846617922186852e-03
1.924095861746922082e-09,6.281786598265171051e-03
1.926430929540304447e-09,1.552303321659564972e-02
1.928765997333686400e-09,2.473159320652484894e-02
1.931101065127068765e-09,3.388746082782745361e-02
1.933436132920451131e-09,4.297392442822456360e-02
1.935771200713833083e-09,5.197015404701232910e-02
1.938106268507215449e-09,6.085694208741188049e-02
1.940441336300597401e-09,6.961626559495925903e-02
1.942776404093979766e-09,7.822844386100769043e-02
1.945111471887361719e-09,8.667759597301483154e-02
1.947446539680744084e-09,9.494489431381225586e-02
1.949781607474126450e-09,1.030130460858345032e-01
1.952116675267508402e-09,1.108641773462295532e-01
1.954451743060890768e-09,1.184839159250259399e-01
1.956786810854272720e-09,1.258553564548492432e-01
1.959121878647655085e-09,1.329616457223892212e-01
1.961456946441037038e-09,1.397907584905624390e-01
1.963792014234419403e-09,1.463251411914825439e-01
1.966127082027801769e-09,1.525531113147735596e-01
1.968462149821183721e-09,1.584604233503341675e-01
1.970797217614566087e-09,1.640351265668869019e-01
1.973132285407948039e-09,1.692668646574020386e-01
1.975467353201330404e-09,1.741412878036499023e-01
1.977802420994712357e-09,1.786517798900604248e-01
1.980137488788094722e-09,1.827865988016128540e-01
1.982472556581477088e-09,1.865375339984893799e-01
1.984807624374859040e-09,1.898978501558303833e-01
1.987142692168241406e-09,1.928576529026031494e-01
1.989477759961623358e-09,1.954153627157211304e-01
1.991812827755005723e-09,1.975614130496978760e-01
1.994147895548387675e-09,1.992912888526916504e-01
1.996482963341770041e-09,2.006047070026397705e-01
1.998818031135152407e-09,2.014967054128646851e-01
2.001153098928534359e-09,2.019661217927932739e-01
2.003488166721916725e-09,2.020103335380554199e-01
2.005823234515298677e-09,2.016317993402481079e-01
2.008158302308681042e-09,2.008294165134429932e-01
2.010493370102062994e-09,1.996045857667922974e-01
2.012828437895445360e-09,1.979613602161407471e-01
2.015163505688827312e-09,1.959017962217330933e-01
2.017498573482209678e-09,1.934329867362976074e-01
2.019833641275592044e-09,1.905573755502700806e-01
2.022168709068973996e-09,1.872804760932922363e-01
2.024503776862356361e-09,1.836111992597579956e-01
2.026838844655738313e-09,1.795559376478195190e-01
2.029173912449120679e-09,1.751238405704498291e-01
2.031508980242502631e-09,1.703244149684906006e-01
2.033844048035884997e-09,1.651668846607208252e-01
2.036179115829267363e-09,1.596631705760955811e-01
2.038514183622649315e-09,1.538233160972595215e-01
2.040849251416031680e-09,1.476611495018005371e-01
2.043184319209413632e-09,1.411892473697662354e-01
2.045519387002795998e-09,1.344201564788818359e-01
2.047854454796177950e-09,1.273698210716247559e-01
2.050189522589560316e-09,1.200511828064918518e-01
2.052524590382942682e-09,1.124814152717590332e-01
2.054859658176324634e-09,1.046739667654037476e-01
2.057194725969706999e-09,9.664827585220336914e-02
2.059529793763088951e-09,8.842085301876068115e-02
2.061864861556471317e-09,8.000602573156356812e-02
2.064199929349853269e-09,7.142383605241775513e-02
2.066534997143235635e-09,6.269050389528274536e-02
2.068870064936618001e-09,5.382796749472618103e-02
2.071205132729999953e-09,4.485127702355384827e-02
2.073540200523382318e-09,3.578058630228042603e-02
2.075875268316764270e-09,2.663545310497283936e-02
2.078210336110146636e-09,1.743315532803535461e-02
2.080545403903528588e-09,8.195653557777404785e-03
2.082880471696910954e-09,-1.059675472788512707e-03
2.085215539490293320e-09,-1.031241379678249359e-02
2.087550607283675272e-09,-1.954294741153717041e-02
2.089885675077057637e-09,-2.873222529888153076e-02
2.092220742870439589e-09,-3.786179423332214355e-02
2.094555810663821955e-09,-4.691150411963462830e-02
2.096890878457203907e-09,-5.586287006735801697e-02
2.099225946250586273e-09,-6.469676643610000610e-02
2.101561014043968639e-09,-7.339506596326828003e-02
2.103896081837350591e-09,-8.193822205066680908e-02
2.106231149630732956e-09,-9.030977636575698853e-02
2.108566217424114908e-09,-9.849218279123306274e-02
2.110901285217497274e-09,-1.064658463001251221e-01
2.113236353010879226e-09,-1.142183318734169006e-01
2.115571420804261592e-09,-1.217296868562698364e-01
2.117906488597643958e-09,-1.289862841367721558e-01
2.120241556391025910e-09,-1.359708309173583984e-01
2.122576624184408275e-09,-1.426704078912734985e-01
2.124911691977790227e-09,-1.490712910890579224e-01
2.127246759771172593e-09,-1.551580578088760376e-01
2.129581827564554545e-09,-1.609223186969757080e-01
2.131916895357936911e-09,-1.663438379764556885e-01
2.134251963151318863e-09,-1.714199930429458618e-01
2.136587030944701229e-09,-1.761356890201568604e-01
2.138922098738083594e-09,-1.804790496826171875e-01
2.141257166531465546e-09,-1.844460368156433105e-01
2.143592234324847912e-09,-1.880235373973846436e-01
2.145927302118229864e-09,-1.912100464105606079e-01
2.148262369911612230e-09,-1.939921081066131592e-01
2.150597437704994182e-09,-1.963684111833572388e-01
2.152932505498376548e-09,-1.983335912227630615e-01
2.155267573291758913e-09,-1.998804062604904175e-01
2.157602641085140865e-09,-2.010098397731781006e-01
2.159937708878523231e-09,-2.017161399126052856e-01
2.162272776671905183e-09,-2.020003199577331543e-01
2.164607844465287549e-09,-2.018593698740005493e-01
2.166942912258669501e-09,-2.012955695390701294e-01
2.169277980052051867e-09,-2.003092765808105469e-01
2.171613047845434232e-09,-1.989017426967620850e-01
2.173948115638816184e-09,-1.970790773630142212e-01
2.176283183432198550e-09,-1.948406845331192017e-01
2.178618251225580502e-09,-1.921942830085754395e-01
2.180953319018962868e-09,-1.891462802886962891e-01
2.183288386812344820e-09,-1.856990456581115723e-01
2.185623454605727186e-09,-1.818633377552032471e-01
2.187958522399109551e-09,-1.776459664106369019e-01
2.190293590192491503e-09,-1.730559766292572021e-01
2.192628657985873869e-09,-1.681039184331893921e-01
2.194963725779255821e-09,-1.627980023622512817e-01
2.197298793572638187e-09,-1.571514159440994263e-01
2.199633861366020139e-09,-1.511736959218978882e-01
2.201968929159402505e-09,-1.448798477649688721e-01
2.204303996952784870e-09,-1.382820159196853638e-01
2.206639064746166822e-09,-1.313931643962860107e-01
2.208974132539549188e-09,-1.242297291755676270e-01
2.211309200332931140e-09,-1.168035566806793213e-01
2.213644268126313506e-09,-1.091341003775596619e-01
2.215979335919695458e-09,-1.012357920408248901e-01
2.218314403713077824e-09,-9.312441945075988770e-02
2.220649471506460189e-09,-8.481834083795547485e-02
2.222984539299842141e-09,-7.633265107870101929e-02
2.225319607093224507e-09,-6.768824905157089233e-02
2.227654674886606459e-09,-5.890086293220520020e-02
2.229989742679988825e-09,-4.998916760087013245e-02
2.232324810473370777e-09,-4.097401350736618042e-02
2.234659878266753143e-09,-3.187173232436180115e-02
2.236994946060135095e-09,-2.270297706127166748e-02
2.239330013853517460e-09,-1.348451897501945496e-02
2.241665081646899826e-09,-4.239446949213743210e-03
2.244000149440281778e-09,5.014110822230577469e-03
2.246335217233664144e-09,1.425991300493478775e-02
2.248670285027046096e-09,2.347282506525516510e-02
2.251005352820428461e-09,3.263860195875167847e-02
2.253340420613810414e-09,4.173540323972702026e-02
2.255675488407192779e-09,5.074467137455940247e-02
2.258010556200575145e-09,5.964734777808189392e-02
2.260345623993957097e-09,6.842418015003204346e-02
2.262680691787339463e-09,7.705927640199661255e-02
2.265015759580721415e-09,8.553025871515274048e-02
2.267350827374103780e-09,9.382440149784088135e-02
2.269685895167485733e-09,1.019203662872314453e-01
2.272020962960868098e-09,1.098019257187843323e-01
2.274356030754250464e-09,1.174545809626579285e-01
2.276691098547632416e-09,1.248595714569091797e-01
2.279026166341014782e-09,1.320029944181442261e-01
2.281361234134396734e-09,1.388693749904632568e-01
2.283696301927779099e-09,1.454455554485321045e-01
2.286031369721161052e-09,1.517145782709121704e-01
2.288366437514543417e-09,1.576669216156005859e-01
2.290701505307925783e-09,1.632888913154602051e-01
2.293036573101307735e-09,1.685654670000076294e-01
2.295371640894690101e-09,1.734901517629623413e-01
2.297706708688072053e-09,1.780505627393722534e-01
2.300041776481454418e-09,1.822366416454315186e-01
2.302376844274836371e-09,1.860416084527969360e-01
2.304711912068218736e-09,1.894559711217880249e-01
2.307046979861601102e-09,1.924729198217391968e-01
2.309382047654983054e-09,1.950852274894714355e-01
2.311717115448365420e-09,1.972877681255340576e-01
2.314052183241747372e-09,1.990766227245330811e-01
2.316387251035129737e-09,2.004465311765670776e-01
2.318722318828511690e-09,2.013978064060211182e-01
2.321057386621894055e-09,2.019243389368057251e-01
2.323392454415276421e-09,2.020269185304641724e-01
2.325727522208658373e-09,2.017063796520233154e-01
2.328062590002040739e-09,2.009606212377548218e-01
2.330397657795422691e-09,1.997954100370407104e-01
2.332732725588805056e-09,1.982091367244720459e-01
2.335067793382187009e-09,1.962080299854278564e-01
2.337402861175569374e-09,1.937944144010543823e-01
2.339737928968951326e-09,1.909732371568679810e-01
2.342072996762333692e-09,1.877526938915252686e-01
2.344408064555716058e-09,1.841352730989456177e-01
2.346743132349098010e-09,1.801337599754333496e-01
2.349078200142480375e-09,1.757539659738540649e-01
2.351413267935862327e-09,1.710040718317031860e-01
2.353748335729244693e-09,1.658960431814193726e-01
2.356083403522626645e-09,1.604386568069458008e-01
2.358418471316009011e-09,1.546456068754196167e-01
2.360753539109391377e-09,1.485267877578735352e-01
2.363088606902773329e-09,1.420961618423461914e-01
2.365423674696155694e-09,1.353682428598403931e-01
2.367758742489537646e-09,1.283548921346664429e-01
2.370093810282920012e-09,1.210728511214256287e-01
2.372428878076301964e-09,1.135362610220909119e-01
2.374763945869684330e-09,1.057620272040367126e-01
2.377099013663066696e-09,9.776578843593597412e-02
2.379434081456448648e-09,8.956393599510192871e-02
2.381769149249831013e-09,8.117414265871047974e-02
2.384104217043212965e-09,7.261373847723007202e-02
2.386439284836595331e-09,6.390215456485748291e-02
2.388774352629977283e-09,5.505458638072013855e-02
2.391109420423359649e-09,4.609219729900360107e-02
2.393444488216742015e-09,3.703315556049346924e-02
2.395779556010123967e-09,2.789629623293876648e-02
2.398114623803506332e-09,1.870230957865715027e-02
2.400449691596888284e-09,9.466885589063167572e-03
2.402784759390270650e-09,2.125164464814588428e-04
2.405119827183652602e-09,-9.042036719620227814e-03
2.407454894977034968e-09,-1.827724464237689972e-02
2.409789962770417334e-09,-2.747341059148311615e-02
2.412125030563799286e-09,-3.661263734102249146e-02
2.414460098357181651e-09,-4.567409306764602661e-02
2.416795166150563603e-09,-5.464082583785057068e-02
2.419130233943945969e-09,-6.349275261163711548e-02
2.421465301737327921e-09,-7.221011072397232056e-02
2.423800369530710287e-09,-8.077598363161087036e-02
2.426135437324092653e-09,-8.917214721441268921e-02
2.428470505117474605e-09,-9.738176316022872925e-02
2.430805572910856970e-09,-1.053868532180786133e-01
2.433140640704238922e-09,-1.131700128316879272e-01
2.435475708497621288e-09,-1.207167506217956543e-01
2.437810776291003240e-09,-1.280092149972915649e-01
2.440145844084385606e-09,-1.350318491458892822e-01
2.442480911877767972e-09,-1.417725831270217896e-01
2.444815979671149924e-09,-1.482155323028564453e-01
2.447151047464532289e-09,-1.543471962213516235e-01
2.449486115257914241e-09,-1.601550430059432983e-01
2.451821183051296607e-09,-1.656262725591659546e-01
2.454156250844678559e-09,-1.707496941089630127e-01
2.456491318638060925e-09,-1.755148470401763916e-01
2.458826386431442877e-09,-1.799117177724838257e-01
2.461161454224825243e-09,-1.839290857315063477e-01
2.463496522018207608e-09,-1.875622272491455078e-01
2.465831589811589560e-09,-1.908018141984939575e-01
2.468166657604971926e-09,-1.936399787664413452e-01
2.470501725398353878e-09,-1.960726678371429443e-01
2.472836793191736244e-09,-1.980925351381301880e-01
2.475171860985118196e-09,-1.996981203556060791e-01
2.477506928778500562e-09,-2.008837461471557617e-01
2.479841996571882927e-09,-2.016493827104568481e-01
2.482177064365264879e-09,-2.019907087087631226e-01
2.484512132158647245e-09,-2.019063532352447510e-01
2.486847199952029197e-09,-2.014018893241882324e-01
2.489182267745411563e-09,-2.004723399877548218e-01
2.491517335538793515e-09,-1.991222500801086426e-01
2.493852403332175881e-09,-1.973553150892257690e-01
2.496187471125558246e-09,-1.951743662357330322e-01
2.498522538918940198e-09,-1.925828158855438232e-01
2.500857606712322564e-09,-1.895876228809356689e-01
2.503192674505704516e-09,-1.861963272094726562e-01
2.505527742299086882e-09,-1.824119985103607178e-01
2.507862810092468834e-09,-1.782462000846862793e-01
2.510197877885851200e-09,-1.737068146467208862e-01
2.512532945679233565e-09,-1.688023656606674194e-01
2.514868013472615517e-09,-1.635438054800033569e-01
2.517203081265997883e-09,-1.579423397779464722e-01
2.519538149059379835e-09,-1.520091593265533447e-01
2.521873216852762201e-09,-1.457566618919372559e-01
2.524208284646144153e-09,-1.392007172107696533e-01
2.526543352439526519e-09,-1.323510557413101196e-01
2.528878420232908884e-09,-1.252219378948211670e-01
2.531213488026290836e-09,-1.178323179483413696e-01
2.533548555819673202e-09,-1.101951375603675842e-01
2.535883623613055154e-09,-1.023257821798324585e-01
2.538218691406437520e-09,-9.424225240945816040e-02
2.540553759199819472e-09,-8.596169948577880859e-02
2.542888826993201838e-09,-7.749985903501510620e-02
2.545223894786584203e-09,-6.887521594762802124e-02
2.547558962579966155e-09,-6.010700017213821411e-02
2.549894030373348521e-09,-5.121090635657310486e-02
2.552229098166730473e-09,-4.220817610621452332e-02
2.554564165960112839e-09,-3.311815857887268066e-02
2.556899233753494791e-09,-2.395775727927684784e-02
2.559234301546877157e-09,-1.474670693278312683e-02
2.561569369340259109e-09,-5.503366701304912567e-03
2.563904437133641474e-09,3.751863026991486549e-03
2.566239504927023840e-09,1.299692224711179733e-02
2.568574572720405792e-09,2.221493609249591827e-02
2.570909640513788158e-09,3.138753399252891541e-02
2.573244708307170110e-09,4.049457609653472900e-02
2.575579776100552476e-09,4.951659962534904480e-02
2.577914843893934428e-09,5.843310430645942688e-02
2.580249911687316793e-09,6.722946465015411377e-02
2.582584979480699159e-09,7.588305324316024780e-02
2.584920047274081111e-09,8.437757939100265503e-02
2.587255115067463477e-09,9.269692748785018921e-02
2.589590182860845429e-09,1.008208915591239929e-01
2.591925250654227795e-09,1.087335348129272461e-01
2.594260318447609747e-09,1.164160221815109253e-01
2.596595386240992112e-09,1.238571703433990479e-01
2.598930454034374478e-09,1.310365796089172363e-01
2.601265521827756430e-09,1.379419118165969849e-01
2.603600589621138796e-09,1.445571482181549072e-01
2.605935657414520748e-09,1.508688330650329590e-01
2.608270725207903113e-09,1.568663120269775391e-01
2.610605793001285066e-09,1.625314354896545410e-01
2.612940860794667431e-09,1.678591817617416382e-01
2.615275928588049797e-09,1.728308051824569702e-01
2.617610996381431749e-09,1.774421036243438721e-01
2.619946064174814115e-09,1.816818863153457642e-01
2.622281131968196067e-09,1.855374127626419067e-01
2.624616199761578432e-09,1.890068501234054565e-01
2.626951267554960385e-09,1.920767277479171753e-01
2.629286335348342750e-09,1.947452574968338013e-01
2.631621403141725116e-09,1.970038264989852905e-01
2.633956470935107068e-09,1.988504528999328613e-01
2.636291538728489434e-09,2.002795636653900146e-01
2.638626606521871386e-09,2.012859582901000977e-01
2.640961674315253751e-09,2.018739432096481323e-01
2.643296742108635704e-09,2.020356208086013794e-01
2.645631809902018069e-09,2.017720788717269897e-01
2.647966877695400435e-09,2.010866254568099976e-01
2.650301945488782387e-09,1.999786943197250366e-01
2.652637013282164753e-09,1.984507143497467041e-01
2.654972081075546705e-09,1.965060830116271973e-01
2.657307148868929070e-09,1.941491961479187012e-01
2.659642216662311023e-09,1.913840770721435547e-01
2.661977284455693388e-09,1.882172971963882446e-01
2.664312352249075340e-09,1.846564710140228271e-01
2.666647420042457706e-09,1.807069182395935059e-01
2.668982487835840072e-09,1.763781011104583740e-01
2.671317555629222024e-09,1.716796904802322388e-01
2.673652623422604389e-09,1.666197180747985840e-01
2.675987691215986342e-09,1.612104028463363647e-01
2.678322759009368707e-09,1.554629206657409668e-01
2.680657826802750659e-09,1.493883728981018066e-01
2.682992894596133025e-09,1.430008262395858765e-01
2.685327962389515391e-09,1.363135874271392822e-01
2.687663030182897343e-09,1.293389350175857544e-01
2.689998097976279708e-09,1.220916360616683960e-01
2.692333165769661661e-09,1.145895421504974365e-01
2.694668233563044026e-09,1.068471595644950867e-01
2.697003301356425978e-09,9.887923300266265869e-02
2.699338369149808344e-09,9.070488810539245605e-02
2.701673436943190710e-09,8.233943581581115723e-02
2.704008504736572662e-09,7.380070537328720093e-02
2.706343572529955027e-09,6.510753929615020752e-02
2.708678640323336979e-09,5.627768486738204956e-02
2.711013708116719345e-09,4.733052477240562439e-02
2.713348775910101297e-09,3.828303143382072449e-02
2.715683843703483663e-09,2.915547415614128113e-02
2.718018911496866029e-09,1.996676996350288391e-02
2.720353979290247981e-09,1.073677279055118561e-02
2.722689047083630346e-09,1.483935280703008175e-03
2.725024114877012298e-09,-7.771799340844154358e-03
2.727359182670394664e-09,-1.701072230935096741e-02
2.729694250463776616e-09,-2.621485851705074310e-02
2.732029318257158982e-09,-3.536326065659523010e-02
2.734364386050541348e-09,-4.443856701254844666e-02
2.736699453843923300e-09,-5.341906845569610596e-02
2.739034521637305665e-09,-6.228742375969886780e-02
2.741369589430687617e-09,-7.102541625499725342e-02
2.743704657224069983e-09,-7.961337268352508545e-02
2.746039725017451935e-09,-8.803515136241912842e-02
2.748374792810834301e-09,-9.627068787813186646e-02
2.750709860604216667e-09,-1.043054014444351196e-01
2.753044928397598619e-09,-1.121206656098365784e-01
2.755379996190980984e-09,-1.196995973587036133e-01
2.757715063984362936e-09,-1.270286738872528076e-01
2.760050131777745302e-09,-1.340888291597366333e-01
2.762385199571127254e-09,-1.408694088459014893e-01
2.764720267364509620e-09,-1.473544389009475708e-01
2.767055335157891986e-09,-1.535277664661407471e-01
2.769390402951273938e-09,-1.593807190656661987e-01
2.771725470744656303e-09,-1.648977696895599365e-01
2.774060538538038255e-09,-1.700698435306549072e-01
2.776395606331420621e-09,-1.748847961425781250e-01
2.778730674124802573e-09,-1.793317496776580811e-01
2.781065741918184939e-09,-1.834033280611038208e-01
2.783400809711566891e-09,-1.870900094509124756e-01
2.785735877504949257e-09,-1.903845369815826416e-01
2.788070945298331622e-09,-1.932769268751144409e-01
2.790406013091713574e-09,-1.957660615444183350e-01
2.792741080885095940e-09,-1.978437900543212891e-01
2.795076148678477892e-09,-1.995052844285964966e-01
2.797411216471860258e-09,-2.007491290569305420e-01
2.799746284265242210e-09,-2.015707492828369141e-01
2.802081352058624576e-09,-2.019708752632141113e-01
2.804416419852006941e-09,-2.019456923007965088e-01
2.806751487645388893e-09,-2.014973610639572144e-01
2.809086555438771259e-09,-2.006263881921768188e-01
2.811421623232153211e-09,-1.993341445922851562e-01
2.813756691025535577e-09,-1.976237148046493530e-01
2.816091758818917529e-09,-1.954989880323410034e-01
2.818426826612299895e-09,-1.929638385772705078e-01
2.820761894405682260e-09,-1.900234818458557129e-01
2.823096962199064212e-09,-1.866852939128875732e-01
2.825432029992446578e-09,-1.829537153244018555e-01
2.827767097785828530e-09,-1.788396835327148438e-01
2.830102165579210896e-09,-1.743502914905548096e-01
2.832437233372592848e-09,-1.694948524236679077e-01
2.834772301165975214e-09,-1.642840206623077393e-01
2.837107368959357579e-09,-1.587275117635726929e-01
2.839442436752739531e-09,-1.528396010398864746e-01
2.841777504546121897e-09,-1.466310769319534302e-01
2.844112572339503849e-09,-1.401141583919525146e-01
2.846447640132886215e-09,-1.333030015230178833e-01
2.848782707926268167e-09,-1.262127608060836792e-01
2.851117775719650533e-09,-1.188572496175765991e-01
2.853452843513032898e-09,-1.112526953220367432e-01
2.855787911306414850e-09,-1.034157276153564453e-01
2.858122979099797216e-09,-9.536017477512359619e-02
2.860458046893179168e-09,-8.710577338933944702e-02
2.862793114686561534e-09,-7.866749912500381470e-02
2.865128182479943486e-09,-7.006297260522842407e-02
2.867463250273325852e-09,-6.131335347890853882e-02
2.869798318066708217e-09,-5.243423581123352051e-02
2.872133385860090169e-09,-4.344508796930313110e-02
2.874468453653472535e-09,-3.436383977532386780e-02
2.876803521446854487e-09,-2.521256729960441589e-02
2.879138589240236853e-09,-1.600746437907218933e-02
2.881473657033618805e-09,-6.767266895622014999e-03
2.883808724827001171e-09,2.483963267877697945e-03
2.886143792620383123e-09,1.173235755413770676e-02
2.888478860413765488e-09,2.095518447458744049e-02
2.890813928207147854e-09,3.013475239276885986e-02
2.893148996000529806e-09,3.925198689103126526e-02
2.895484063793912172e-09,4.828570783138275146e-02
2.897819131587294124e-09,5.721924453973770142e-02
2.900154199380676490e-09,6.603217124938964844e-02
2.902489267174058442e-09,7.470785081386566162e-02
2.904824334967440807e-09,8.322477340698242188e-02
2.907159402760823173e-09,9.156742691993713379e-02
2.909494470554205125e-09,9.971897304058074951e-02
2.911829538347587491e-09,1.076609641313552856e-01
2.914164606140969443e-09,1.153773590922355652e-01
2.916499673934351809e-09,1.228502541780471802e-01
2.918834741727733761e-09,1.300674527883529663e-01
2.921169809521116126e-09,1.370108574628829956e-01
2.923504877314498492e-09,1.436665356159210205e-01
2.925839945107880444e-09,1.500225365161895752e-01
2.928175012901262810e-09,1.560623347759246826e-01
2.930510080694644762e-09,1.617748737335205078e-01
2.932845148488027128e-09,1.671474277973175049e-01
2.935180216281409080e-09,1.721697449684143066e-01
2.937515284074791445e-09,1.768313646316528320e-01
2.939850351868173811e-09,1.811202019453048706e-01
2.942185419661555763e-09,1.850296854972839355e-01
2.944520487454938129e-09,1.885509639978408813e-01
2.946855555248320081e-09,1.916772872209548950e-01
2.949190623041702447e-09,1.944002211093902588e-01
2.951525690835084399e-09,1.967141926288604736e-01
2.953860758628466764e-09,1.986176818609237671e-01
2.956195826421849130e-09,2.001039087772369385e-01
2.958530894215231082e-09,2.011702358722686768e-01
2.960865962008613448e-09,2.018136233091354370e-01
2.963201029801995400e-09,2.020327746868133545e-01
2.965536097595377766e-09,2.018291801214218140e-01
2.967871165388759718e-09,2.012009769678115845e-01
2.970206233182142083e-09,2.001517415046691895e-01
2.972541300975524449e-09,1.986826509237289429e-01
2.974876368768906401e-09,1.967940777540206909e-01
2.977211436562288767e-09,1.944947093725204468e-01
2.979546504355670719e-09,1.917855441570281982e-01
2.981881572149053084e-09,1.886731833219528198e-01
2.984216639942435037e-09,1.851660758256912231e-01
2.986551707735817402e-09,1.812696754932403564e-01
2.988886775529199768e-09,1.769936382770538330e-01
2.991221843322581720e-09,1.723439544439315796e-01
2.993556911115964086e-09,1.673339158296585083e-01
2.995891978909346038e-09,1.619711220264434814e-01
2.998227046702728403e-09,1.562698334455490112e-01
3.000562114496110356e-09,1.502415835857391357e-01
3.002897182289492721e-09,1.438951939344406128e-01
3.005232250082874673e-09,1.372488886117935181e-01
3.007567317876257039e-09,1.303119957447052002e-01
3.009902385669639405e-09,1.231030821800231934e-01
3.012237453463021357e-09,1.156344637274742126e-01
3.014572521256403722e-09,1.079248189926147461e-01
3.016907589049785675e-09,9.998837858438491821e-02
3.019242656843168040e-09,9.183893352746963501e-02
3.021577724636549992e-09,8.350017666816711426e-02
3.023912792429932358e-09,7.498360425233840942e-02
3.026247860223314724e-09,6.631232798099517822e-02
3.028582928016696676e-09,5.750022456049919128e-02
3.030917995810079041e-09,4.856686666607856750e-02
3.033253063603460994e-09,3.953325003385543823e-02
3.035588131396843359e-09,3.041448071599006653e-02
3.037923199190225311e-09,2.123435586690902710e-02
3.040258266983607677e-09,1.200761832296848297e-02
3.042593334776990043e-09,2.757181879132986069e-03
3.044928402570371995e-09,-6.499211303889751434e-03
3.047263470363754360e-09,-1.574328355491161346e-02
3.049598538157136313e-09,-2.495263330638408661e-02
3.051933605950518678e-09,-3.411048650741577148e-02
3.054268673743900630e-09,-4.319628328084945679e-02
3.056603741537282996e-09,-5.219088494777679443e-02
3.058938809330665362e-09,-6.107486039400100708e-02
3.061273877124047314e-09,-6.983208656311035156e-02
3.063608944917429679e-09,-7.844393700361251831e-02
3.065944012710811632e-09,-8.688902854919433594e-02
3.068279080504193997e-09,-9.515167027711868286e-02
3.070614148297575949e-09,-1.032148301601409912e-01
3.072949216090958315e-09,-1.110612303018569946e-01
3.075284283884340681e-09,-1.186751797795295715e-01
3.077619351677722633e-09,-1.260380893945693970e-01
3.079954419471104998e-09,-1.331373602151870728e-01
3.082289487264486950e-09,-1.399581581354141235e-01
3.084624555057869316e-09,-1.464827358722686768e-01
3.086959622851251268e-09,-1.527017354965209961e-01
3.089294690644633634e-09,-1.586006283760070801e-01
3.091629758438016000e-09,-1.641652286052703857e-01
3.093964826231397952e-09,-1.693851947784423828e-01
3.096299894024780317e-09,-1.742491424083709717e-01
3.098634961818162269e-09,-1.787481456995010376e-01
3.100970029611544635e-09,-1.828723400831222534e-01
3.103305097404926587e-09,-1.866125613451004028e-01
3.105640165198308953e-09,-1.899602413177490234e-01
3.107975232991690905e-09,-1.929104328155517578e-01
3.110310300785073271e-09,-1.954552978277206421e-01
3.112645368578455636e-09,-1.975874006748199463e-01
3.114980436371837588e-09,-1.993084698915481567e-01
3.117315504165219954e-09,-2.006094902753829956e-01
3.119650571958601906e-09,-2.014882564544677734e-01
3.121985639751984272e-09,-2.019465565681457520e-01
3.124320707545366224e-09,-2.019787579774856567e-01
3.126655775338748590e-09,-2.015883475542068481e-01
3.128990843132130955e-09,-2.007750719785690308e-01
3.131325910925512907e-09,-1.995407640933990479e-01
3.133660978718895273e-09,-1.978873759508132935e-01
3.135996046512277225e-09,-1.958185881376266479e-01
3.138331114305659591e-09,-1.933391243219375610e-01
3.140666182099041543e-09,-1.904525458812713623e-01
3.143001249892423909e-09,-1.871689110994338989e-01
3.145336317685806274e-09,-1.834912896156311035e-01
3.147671385479188226e-09,-1.794283241033554077e-01
3.150006453272570592e-09,-1.749893277883529663e-01
3.152341521065952544e-09,-1.701831966638565063e-01
3.154676588859334910e-09,-1.650194525718688965e-01
3.157011656652716862e-09,-1.595091372728347778e-01
3.159346724446099228e-09,-1.536665707826614380e-01
3.161681792239481593e-09,-1.474995017051696777e-01
3.164016860032863545e-09,-1.410226374864578247e-01
3.166351927826245911e-09,-1.342511922121047974e-01
3.168686995619627863e-09,-1.271974891424179077e-01
3.171022063413010229e-09,-1.198765933513641357e-01
3.173357131206392181e-09,-1.123051196336746216e-01
3.175692198999774547e-09,-1.044973954558372498e-01
3.178027266793156912e-09,-9.647020697593688965e-02
3.180362334586538864e-09,-8.824124932289123535e-02
3.182697402379921230e-09,-7.982761412858963013e-02
3.185032470173303182e-09,-7.124651968479156494e-02
3.187367537966685548e-09,-6.251417845487594604e-02
3.189702605760067500e-09,-5.365321412682533264e-02
3.192037673553449866e-09,-4.467685893177986145e-02
3.194372741346832231e-09,-3.560810908675193787e-02
3.196707809140214183e-09,-2.646543644368648529e-02
3.199042876933596549e-09,-1.726530119776725769e-02
3.201377944726978501e-09,-8.032238110899925232e-03
3.203713012520360867e-09,1.221435493789613247e-03
3.206048080313742819e-09,1.047079544514417648e-02
3.208383148107125185e-09,1.969892159104347229e-02
3.210718215900507137e-09,2.888536266982555389e-02
3.213053283693889502e-09,3.801021724939346313e-02
3.215388351487271868e-09,4.705768078565597534e-02
3.217723419280653820e-09,5.600414797663688660e-02
3.220058487074036186e-09,6.483504921197891235e-02
3.222393554867418138e-09,7.352895289659500122e-02
3.224728622660800504e-09,8.206952363252639771e-02
3.227063690454182456e-09,9.043634682893753052e-02
3.229398758247564821e-09,9.861307591199874878e-02
3.231733826040947187e-09,1.065852940082550049e-01
3.234068893834329139e-09,1.143314018845558167e-01
3.236403961627711505e-09,1.218401789665222168e-01
3.238739029421093457e-09,1.290917843580245972e-01
3.241074097214475823e-09,1.360718011856079102e-01
3.243409165007857775e-09,1.427680850028991699e-01
3.245744232801240140e-09,1.491638720035552979e-01
3.248079300594622506e-09,1.552482396364212036e-01
3.250414368388004458e-09,1.610059738159179688e-01
3.252749436181386824e-09,1.664258390665054321e-01
3.255084503974768776e-09,1.714962720870971680e-01
3.257419571768151142e-09,1.762070655822753906e-01
3.259754639561533094e-09,1.805491447448730469e-01
3.262089707354915459e-09,1.845111250877380371e-01
3.264424775148297825e-09,1.880864053964614868e-01
3.266759842941679777e-09,1.912669241428375244e-01
3.269094910735062143e-09,1.940463781356811523e-01
3.271429978528444095e-09,1.964181959629058838e-01
3.273765046321826461e-09,1.983779668807983398e-01
3.276100114115208413e-09,1.999221742153167725e-01
3.278435181908590778e-09,2.010453492403030396e-01
3.280770249701973144e-09,2.017459720373153687e-01
3.283105317495355096e-09,2.020248323678970337e-01
3.285440385288737462e-09,2.018797397613525391e-01
3.287775453082119414e-09,2.013094276189804077e-01
3.290110520875501780e-09,2.003184258937835693e-01
3.292445588668883732e-09,1.989048123359680176e-01
3.294780656462266097e-09,1.970744878053665161e-01
3.297115724255648463e-09,1.948310136795043945e-01
3.299450792049030415e-09,1.921782940626144409e-01
3.301785859842412781e-09,1.891230940818786621e-01
3.304120927635794733e-09,1.856681704521179199e-01
3.306455995429177099e-09,1.818269938230514526e-01
3.308791063222559051e-09,1.776013374328613281e-01
3.311126131015941416e-09,1.730039417743682861e-01
3.313461198809323782e-09,1.680438369512557983e-01
3.315796266602705734e-09,1.627283990383148193e-01
3.318131334396088100e-09,1.570740789175033569e-01
3.320466402189470052e-09,1.510882526636123657e-01
3.322801469982852418e-09,1.447865068912506104e-01
3.325136537776234370e-09,1.381790637969970703e-01
3.327471605569616735e-09,1.312823295593261719e-01
3.329806673362998687e-09,1.241104081273078918e-01
3.332141741156381053e-09,1.166771799325942993e-01
3.334476808949763419e-09,1.089995875954627991e-01
3.336811876743145371e-09,1.010919213294982910e-01
3.339146944536527736e-09,9.297285974025726318e-02
3.341482012329909689e-09,8.465728163719177246e-02
3.343817080123292054e-09,7.616591453552246094e-02
3.346152147916674006e-09,6.751378625631332397e-02
3.348487215710056372e-09,5.871877819299697876e-02
3.350822283503438738e-09,4.980229586362838745e-02
3.353157351296820690e-09,4.078029841184616089e-02
3.355492419090203055e-09,3.167320787906646729e-02
3.357827486883585008e-09,2.249952778220176697e-02
3.360162554676967373e-09,1.327876280993223190e-02
3.362497622470349325e-09,4.029609262943267822e-03
3.364832690263731691e-09,-5.228331312537193298e-03
3.367167758057114057e-09,-1.447360124439001083e-02
3.369502825850496009e-09,-2.369023486971855164e-02
3.371837893643878374e-09,-3.285678103566169739e-02
3.374172961437260327e-09,-4.195341467857360840e-02
3.376508029230642692e-09,-5.096202343702316284e-02
3.378843097024024644e-09,-5.986333638429641724e-02
3.381178164817407010e-09,-6.864015758037567139e-02
3.383513232610789376e-09,-7.727141678333282471e-02
3.385848300404171328e-09,-8.574103564023971558e-02
3.388183368197553693e-09,-9.402980655431747437e-02
3.390518435990935646e-09,-1.021217107772827148e-01
3.392853503784318011e-09,-1.099997460842132568e-01
3.395188571577699963e-09,-1.176457628607749939e-01
3.397523639371082329e-09,-1.250457614660263062e-01
3.399858707164464695e-09,-1.321826875209808350e-01
3.402193774957846647e-09,-1.390418559312820435e-01
3.404528842751229012e-09,-1.456096321344375610e-01
3.406863910544610965e-09,-1.518722921609878540e-01
3.409198978337993330e-09,-1.578138023614883423e-01
3.411534046131375282e-09,-1.634266078472137451e-01
3.413869113924757648e-09,-1.686947494745254517e-01
3.416204181718140014e-09,-1.736077219247817993e-01
3.418539249511521966e-09,-1.781584769487380981e-01
3.420874317304904331e-09,-1.823325753211975098e-01
3.423209385098286284e-09,-1.861264556646347046e-01
3.425544452891668649e-09,-1.895274370908737183e-01
3.427879520685050601e-09,-1.925318688154220581e-01
3.430214588478432967e-09,-1.951323896646499634e-01
3.432549656271814919e-09,-1.973223388195037842e-01
3.434884724065197285e-09,-1.991003006696701050e-01
3.437219791858579650e-09,-2.004578709602355957e-01
3.439554859651961602e-09,-2.013965398073196411e-01
3.441889927445343968e-09,-2.019110918045043945e-01
3.444224995238725920e-09,-2.020024210214614868e-01
3.446560063032108286e-09,-2.016702890396118164e-01
3.448895130825490238e-09,-2.009133547544479370e-01
3.451230198618872604e-09,-1.997374147176742554e-01
3.453565266412254969e-09,-1.981397867202758789e-01
3.455900334205636921e-09,-1.961267292499542236e-01
3.458235401999019287e-09,-1.937038153409957886e-01
3.460570469792401239e-09,-1.908730417490005493e-01
3.462905537585783605e-09,-1.876427084207534790e-01
3.465240605379165557e-09,-1.840178966522216797e-01
3.467575673172547923e-09,-1.800085157155990601e-01
3.469910740965930288e-09,-1.756206601858139038e-01
3.472245808759312240e-09,-1.708637177944183350e-01
3.474580876552694606e-09,-1.657492667436599731e-01
3.476915944346076558e-09,-1.602853089570999146e-01
3.479251012139458924e-09,-1.544870734214782715e-01
3.481586079932840876e-09,-1.483639776706695557e-01
3.483921147726223242e-09,-1.419290751218795776e-01
3.486256215519605607e-09,-1.351964920759201050e-01
3.488591283312987559e-09,-1.281794458627700806e-01
3.490926351106369925e-09,-1.208943128585815430e-01
3.493261418899751877e-09,-1.133557856082916260e-01
3.495596486693134243e-09,-1.055800616741180420e-01
3.497931554486516195e-09,-9.758146852254867554e-02
3.500266622279898561e-09,-8.937726169824600220e-02
3.502601690073280926e-09,-8.098771423101425171e-02
3.504936757866662878e-09,-7.242813706398010254e-02
3.507271825660045244e-09,-6.371584534645080566e-02
3.509606893453427196e-09,-5.487063899636268616e-02
3.511941961246809562e-09,-4.590930417180061340e-02
3.514277029040191514e-09,-3.685285523533821106e-02
3.516612096833573880e-09,-2.771868184208869934e-02
3.518947164626956245e-09,-1.852631568908691406e-02
3.521282232420338197e-09,-9.294410236179828644e-03
3.523617300213720563e-09,-4.312205419410020113e-05
3.525952368007102515e-09,9.206628426909446716e-03
3.528287435800484881e-09,1.843916624784469604e-02
3.530622503593866833e-09,2.763157337903976440e-02
3.532957571387249199e-09,3.676728904247283936e-02
3.535292639180631151e-09,4.582545906305313110e-02
3.537627706974013516e-09,5.478718876838684082e-02
3.539962774767395882e-09,6.363435834646224976e-02
3.542297842560777834e-09,7.234654575586318970e-02
3.544632910354160200e-09,8.090841025114059448e-02
3.546967978147542152e-09,8.929979056119918823e-02
3.549303045940924518e-09,9.750556200742721558e-02
3.551638113734306470e-09,1.055058240890502930e-01
3.553973181527688835e-09,1.132834926247596741e-01
3.556308249321071201e-09,1.208250224590301514e-01
3.558643317114453153e-09,1.281125694513320923e-01
3.560978384907835519e-09,1.351325660943984985e-01
3.563313452701217471e-09,1.418684273958206177e-01
3.565648520494599837e-09,1.483057886362075806e-01
3.567983588287981789e-09,1.544332355260848999e-01
3.570318656081364154e-09,1.602345257997512817e-01
3.572653723874746520e-09,1.657018512487411499e-01
3.574988791668128472e-09,1.708211451768875122e-01
3.577323859461510838e-09,1.755806058645248413e-01
3.579658927254892790e-09,1.799746155738830566e-01
3.581993995048275156e-09,1.839884221553802490e-01
3.584329062841657108e-09,1.876181364059448242e-01
3.586664130635039473e-09,1.908522993326187134e-01
3.588999198428421839e-09,1.936875283718109131e-01
3.591334266221803791e-09,1.961158066987991333e-01
3.593669334015186157e-09,1.981303393840789795e-01
3.596004401808568109e-09,1.997331529855728149e-01
3.598339469601950475e-09,2.009126991033554077e-01
3.600674537395332427e-09,2.016736865043640137e-01
3.603009605188714792e-09,2.020091116428375244e-01
3.605344672982097158e-09,2.019213289022445679e-01
3.607679740775479110e-09,2.014109045267105103e-01
3.610014808568861476e-09,2.004748731851577759e-01
3.612349876362243428e-09,1.991223245859146118e-01
3.614684944155625794e-09,1.973469555377960205e-01
3.617020011949007746e-09,1.951597630977630615e-01
3.619355079742390111e-09,1.925632953643798828e-01
3.621690147535772477e-09,1.895613223314285278e-01
3.624025215329154429e-09,1.861632168292999268e-01
3.626360283122536795e-09,1.823722571134567261e-01
3.628695350915918747e-09,1.781996339559555054e-01
3.631030418709301113e-09,1.736518591642379761e-01
3.633365486502683065e-09,1.687416285276412964e-01
3.635700554296065430e-09,1.634765267372131348e-01
3.638035622089447796e-09,1.578659862279891968e-01
3.640370689882829748e-09,1.519261449575424194e-01
3.642705757676212114e-09,1.456668227910995483e-01
3.645040825469594066e-09,1.391005516052246094e-01
3.647375893262976432e-09,1.322433352470397949e-01
3.649710961056358384e-09,1.251084506511688232e-01
3.652046028849740749e-09,1.177099272608757019e-01
3.654381096643122701e-09,1.100651696324348450e-01
3.656716164436505067e-09,1.021891459822654724e-01
3.659051232229887433e-09,9.409816563129425049e-02
3.661386300023269385e-09,8.581009507179260254e-02
3.663721367816651751e-09,7.734211534261703491e-02
3.666056435610033703e-09,6.871143728494644165e-02
3.668391503403416068e-09,5.993609875440597534e-02
3.670726571196798020e-09,5.103531107306480408e-02
3.673061638990180386e-09,4.202702268958091736e-02
3.675396706783562752e-09,3.293067216873168945e-02
3.677731774576944704e-09,2.376481331884860992e-02
3.680066842370327070e-09,1.454899366945028305e-02
3.682401910163709022e-09,5.303042009472846985e-03
3.684736977957091387e-09,-3.953418694436550140e-03
3.687072045750473339e-09,-1.320206467062234879e-02
3.689407113543855705e-09,-2.242388948798179626e-02
3.691742181337238071e-09,-3.159692510962486267e-02
3.694077249130620023e-09,-4.070554301142692566e-02
3.696412316924002388e-09,-4.972785711288452148e-02
3.698747384717384341e-09,-5.864601954817771912e-02
3.701082452510766706e-09,-6.744071096181869507e-02
3.703417520304148658e-09,-7.609303295612335205e-02
3.705752588097531024e-09,-8.458783477544784546e-02
3.708087655890913390e-09,-9.290155768394470215e-02
3.710422723684295342e-09,-1.010227948427200317e-01
3.712757791477677707e-09,-1.089306920766830444e-01
3.715092859271059660e-09,-1.166097074747085571e-01
3.717427927064442025e-09,-1.240455880761146545e-01
3.719762994857823977e-09,-1.312184929847717285e-01
3.722098062651206343e-09,-1.381185650825500488e-01
3.724433130444588709e-09,-1.447262465953826904e-01
3.726768198237971074e-09,-1.510312110185623169e-01
3.729103266031353026e-09,-1.570191383361816406e-01
3.731438333824734979e-09,-1.626766622066497803e-01
3.733773401618116931e-09,-1.679943054914474487e-01
3.736108469411499710e-09,-1.729572862386703491e-01
