vacuum_time_s,vacuum_probe_ez_V_per_m,dielectric_time_s,dielectric_probe_ez_V_per_m
2.335067793382187157e-12,0.000000000000000000e+00,2.335067793382187157e-12,0.000000000000000000e+00
4.670135586764374314e-12,0.000000000000000000e+00,4.670135586764374314e-12,0.000000000000000000e+00
7.005203380146561471e-12,0.000000000000000000e+00,7.005203380146561471e-12,0.000000000000000000e+00
9.340271173528748629e-12,0.000000000000000000e+00,9.340271173528748629e-12,0.000000000000000000e+00
1.167533896691093659e-11,0.000000000000000000e+00,1.167533896691093659e-11,0.000000000000000000e+00
1.401040676029312294e-11,0.000000000000000000e+00,1.401040676029312294e-11,0.000000000000000000e+00
1.634547455367530929e-11,0.000000000000000000e+00,1.634547455367530929e-11,0.000000000000000000e+00
1.868054234705749726e-11,0.000000000000000000e+00,1.868054234705749726e-11,0.000000000000000000e+00
2.101561014043968522e-11,0.000000000000000000e+00,2.101561014043968522e-11,0.000000000000000000e+00
2.335067793382187319e-11,0.000000000000000000e+00,2.335067793382187319e-11,0.000000000000000000e+00
2.568574572720405792e-11,0.000000000000000000e+00,2.568574572720405792e-11,0.000000000000000000e+00
2.802081352058624589e-11,0.000000000000000000e+00,2.802081352058624589e-11,0.000000000000000000e+00
3.035588131396843385e-11,0.000000000000000000e+00,3.035588131396843385e-11,0.000000000000000000e+00
3.269094910735061858e-11,0.000000000000000000e+00,3.269094910735061858e-11,0.000000000000000000e+00
3.502601690073280978e-11,0.000000000000000000e+00,3.502601690073280978e-11,0.000000000000000000e+00
3.736108469411499451e-11,0.000000000000000000e+00,3.736108469411499451e-11,0.000000000000000000e+00
3.969615248749717925e-11,0.000000000000000000e+00,3.969615248749717925e-11,0.000000000000000000e+00
4.203122028087937044e-11,0.000000000000000000e+00,4.203122028087937044e-11,0.000000000000000000e+00
4.436628807426155518e-11,0.000000000000000000e+00,4.436628807426155518e-11,0.000000000000000000e+00
4.670135586764374637e-11,0.000000000000000000e+00,4.670135586764374637e-11,0.000000000000000000e+00
4.903642366102593111e-11,0.000000000000000000e+00,4.903642366102593111e-11,0.000000000000000000e+00
5.137149145440811584e-11,0.000000000000000000e+00,5.137149145440811584e-11,0.000000000000000000e+00
5.370655924779030704e-11,0.000000000000000000e+00,5.370655924779030704e-11,0.000000000000000000e+00
5.604162704117249177e-11,0.000000000000000000e+00,5.604162704117249177e-11,0.000000000000000000e+00
5.837669483455468297e-11,0.000000000000000000e+00,5.837669483455468297e-11,0.000000000000000000e+00
6.071176262793686770e-11,0.000000000000000000e+00,6.071176262793686770e-11,0.000000000000000000e+00
6.304683042131905244e-11,0.000000000000000000e+00,6.304683042131905244e-11,0.000000000000000000e+00
6.538189821470123717e-11,0.000000000000000000e+00,6.538189821470123717e-11,0.000000000000000000e+00
6.771696600808342190e-11,0.000000000000000000e+00,6.771696600808342190e-11,0.000000000000000000e+00
7.005203380146561956e-11,0.000000000000000000e+00,7.005203380146561956e-11,0.000000000000000000e+00
7.238710159484780429e-11,0.000000000000000000e+00,7.238710159484780429e-11,0.000000000000000000e+00
7.472216938822998903e-11,0.000000000000000000e+00,7.472216938822998903e-11,0.000000000000000000e+00
7.705723718161217376e-11,0.000000000000000000e+00,7.705723718161217376e-11,0.000000000000000000e+00
7.939230497499435850e-11,0.000000000000000000e+00,7.939230497499435850e-11,0.000000000000000000e+00
8.172737276837655615e-11,0.000000000000000000e+00,8.172737276837655615e-11,0.000000000000000000e+00
8.406244056175874089e-11,2.812307441232234778e-14,8.406244056175874089e-11,1.047666288929214209e-23
8.639750835514092562e-11,4.646066856434961923e-14,8.639750835514092562e-11,2.606637001871879205e-22
8.873257614852311036e-11,8.279335550476218941e-12,8.873257614852311036e-11,4.629496032221664938e-21
9.106764394190529509e-11,1.433863357908071734e-11,9.106764394190529509e-11,6.219723537211654552e-20
9.340271173528749275e-11,5.726154550522721820e-10,9.340271173528749275e-11,6.606628479939324871e-19
9.573777952866967748e-11,1.036305929957848093e-09,9.573777952866967748e-11,5.790753565203518840e-18
9.807284732205186222e-11,1.635454438542183198e-08,9.807284732205186222e-11,4.321006231519804695e-17
1.004079151154340469e-10,3.075177446021370997e-08,1.004079151154340469e-10,2.807825546386339939e-16
1.027429829088162317e-10,2.409620378784893546e-07,1.027429829088162317e-10,1.616377514894093946e-15
1.050780507021984164e-10,4.659535193241026718e-07,1.050780507021984164e-10,8.354881422931084017e-15
1.074131184955806141e-10,2.052641093541751616e-06,1.074131184955806141e-10,3.919688670319353141e-14
1.097481862889627988e-10,4.008334599348017946e-06,1.097481862889627988e-10,1.683916542446692310e-13
1.120832540823449835e-10,1.078796412912197411e-05,1.120832540823449835e-10,6.673475248970828222e-13
1.144183218757271683e-10,2.058302015939261764e-05,1.144183218757271683e-10,2.455024031289276820e-12
1.167533896691093659e-10,3.641572402557358146e-05,1.167533896691093659e-10,8.428506156898940560e-12
1.190884574624915507e-10,6.384482549037784338e-05,1.190884574624915507e-10,2.712943758531594085e-11
1.214235252558737354e-10,8.164830796886235476e-05,1.214235252558737354e-10,8.220031599837085423e-11
1.237585930492559201e-10,1.174753851955756545e-04,1.237585930492559201e-10,2.352789907344998710e-10
1.260936608426381049e-10,1.285086327698081732e-04,1.260936608426381049e-10,6.381537520638858041e-10
1.284287286360202896e-10,1.294816902372986078e-04,1.284287286360202896e-10,1.644765657005109460e-09
1.307637964294024743e-10,1.608047459740191698e-04,1.307637964294024743e-10,4.038252399141128990e-09
1.330988642227846591e-10,1.332586980424821377e-04,1.330988642227846591e-10,9.465756178883566463e-09
1.354339320161668438e-10,1.949697762029245496e-04,1.354339320161668438e-10,2.122525799563845794e-08
1.377689998095490544e-10,2.444785786792635918e-04,1.377689998095490544e-10,4.561039901318508782e-08
1.401040676029312391e-10,2.607461647130548954e-04,1.401040676029312391e-10,9.407818879481055774e-08
1.424391353963134239e-10,3.808464098256081343e-04,1.424391353963134239e-10,1.865354875008051749e-07
1.447742031896956086e-10,3.770725161302834749e-04,1.447742031896956086e-10,3.560037384886527434e-07
1.471092709830777933e-10,4.378571175038814545e-04,1.471092709830777933e-10,6.547683142343885265e-07
1.494443387764599781e-10,5.396516062319278717e-04,1.494443387764599781e-10,1.161803993454668671e-06
1.517794065698421628e-10,6.012355443090200424e-04,1.517794065698421628e-10,1.990769078474841081e-06
1.541144743632243475e-10,7.342071039602160454e-04,1.541144743632243475e-10,3.297213879704941064e-06
1.564495421566065323e-10,8.460881654173135757e-04,1.564495421566065323e-10,5.282971869746688753e-06
1.587846099499887170e-10,9.777175728231668472e-04,1.587846099499887170e-10,8.195209375116974115e-06
1.611196777433709017e-10,1.084685791283845901e-03,1.611196777433709017e-10,1.231759961228817701e-05
1.634547455367531123e-10,1.284433994442224503e-03,1.634547455367531123e-10,1.795184471120592207e-05
1.657898133301352970e-10,1.484798267483711243e-03,1.657898133301352970e-10,2.538957051001489162e-05
1.681248811235174818e-10,1.674316124990582466e-03,1.681248811235174818e-10,3.487731373752467334e-05
1.704599489168996665e-10,1.928158802911639214e-03,1.704599489168996665e-10,4.658068064600229263e-05
1.727950167102818512e-10,2.169564832001924515e-03,1.727950167102818512e-10,6.055682752048596740e-05
1.751300845036640360e-10,2.467329613864421844e-03,1.751300845036640360e-10,7.674621156184002757e-05
1.774651522970462207e-10,2.781275659799575806e-03,1.774651522970462207e-10,9.499372390564531088e-05
1.798002200904284054e-10,3.170473035424947739e-03,1.798002200904284054e-10,1.151053293142467737e-04
1.821352878838105902e-10,3.535003168508410454e-03,1.821352878838105902e-10,1.369387027807533741e-04
1.844703556771927749e-10,3.940294496715068817e-03,1.844703556771927749e-10,1.605165452929213643e-04
1.868054234705749855e-10,4.423302598297595978e-03,1.868054234705749855e-10,1.861414057202637196e-04
1.891404912639571702e-10,4.929590970277786255e-03,1.891404912639571702e-10,2.144842146662995219e-04
1.914755590573393550e-10,5.474362522363662720e-03,1.914755590573393550e-10,2.466181176714599133e-04
1.938106268507215397e-10,6.030418910086154938e-03,1.938106268507215397e-10,2.839772787410765886e-04
1.961456946441037244e-10,6.676016841083765030e-03,1.961456946441037244e-10,3.282363177277147770e-04
1.984807624374859092e-10,7.324830628931522369e-03,1.984807624374859092e-10,3.811272035818547010e-04
2.008158302308680939e-10,8.038459345698356628e-03,2.008158302308680939e-10,4.442323697730898857e-04
2.031508980242502786e-10,8.782943710684776306e-03,2.031508980242502786e-10,5.188061040826141834e-04
2.054859658176324634e-10,9.559403173625469208e-03,2.054859658176324634e-10,6.056780111975967884e-04
2.078210336110146481e-10,1.036465726792812347e-02,2.078210336110146481e-10,7.052771397866308689e-04
2.101561014043968328e-10,1.120695378631353378e-02,2.101561014043968328e-10,8.177849813364446163e-04
2.124911691977790434e-10,1.211014389991760254e-02,2.124911691977790434e-10,9.433884406462311745e-04
2.148262369911612282e-10,1.298358477652072906e-02,2.148262369911612282e-10,1.082569127902388573e-03
2.171613047845434129e-10,1.389145944267511368e-02,2.171613047845434129e-10,1.236346433870494366e-03
2.194963725779255976e-10,1.480851601809263229e-02,2.194963725779255976e-10,1.406394992955029011e-03
2.218314403713077824e-10,1.576225087046623230e-02,2.218314403713077824e-10,1.594988629221916199e-03
2.241665081646899671e-10,1.666983030736446381e-02,2.241665081646899671e-10,1.804770203307271004e-03
2.265015759580721518e-10,1.756244152784347534e-02,2.265015759580721518e-10,2.038402250036597252e-03
2.288366437514543366e-10,1.845257170498371124e-02,2.288366437514543366e-10,2.298194449394941330e-03
2.311717115448365213e-10,1.930517889559268951e-02,2.311717115448365213e-10,2.585818758234381676e-03
2.335067793382187319e-10,2.011348307132720947e-02,2.335067793382187319e-10,2.902199048548936844e-03
2.358418471316008908e-10,2.083921805024147034e-02,2.358418471316008908e-10,3.247611224651336670e-03
2.381769149249831013e-10,2.153004705905914307e-02,2.381769149249831013e-10,3.621959127485752106e-03
2.405119827183652602e-10,2.211403474211692810e-02,2.405119827183652602e-10,4.025129135698080063e-03
2.428470505117474708e-10,2.262292057275772095e-02,2.428470505117474708e-10,4.457294475287199020e-03
2.451821183051296297e-10,2.301049791276454926e-02,2.451821183051296297e-10,4.919050261378288269e-03
2.475171860985118403e-10,2.328944578766822815e-02,2.475171860985118403e-10,5.411316175013780594e-03
2.498522538918940509e-10,2.342659607529640198e-02,2.498522538918940509e-10,5.935016553848981857e-03
2.521873216852762097e-10,2.342461049556732178e-02,2.521873216852762097e-10,6.490634754300117493e-03
2.545223894786584203e-10,2.329026162624359131e-02,2.545223894786584203e-10,7.077774964272975922e-03
2.568574572720405792e-10,2.296856977045536041e-02,2.568574572720405792e-10,7.694881875067949295e-03
2.591925250654227898e-10,2.248517982661724091e-02,2.591925250654227898e-10,8.339200168848037720e-03
2.615275928588049487e-10,2.181447483599185944e-02,2.615275928588049487e-10,9.006978943943977356e-03
2.638626606521871593e-10,2.099836245179176331e-02,2.638626606521871593e-10,9.693845175206661224e-03
2.661977284455693181e-10,1.996385306119918823e-02,2.661977284455693181e-10,1.039518695324659348e-02
2.685327962389515287e-10,1.874268800020217896e-02,2.685327962389515287e-10,1.110640540719032288e-02
2.708678640323336876e-10,1.733996719121932983e-02,2.708678640323336876e-10,1.182293519377708435e-02
2.732029318257158982e-10,1.577263884246349335e-02,2.732029318257158982e-10,1.254001352936029434e-02
2.755379996190981088e-10,1.401752326637506485e-02,2.755379996190981088e-10,1.325229275971651077e-02
2.778730674124802677e-10,1.206530258059501648e-02,2.778730674124802677e-10,1.395344641059637070e-02
2.802081352058624782e-10,9.979573078453540802e-03,2.802081352058624782e-10,1.463592983782291412e-02
2.825432029992446371e-10,7.742042653262615204e-03,2.825432029992446371e-10,1.529100257903337479e-02
2.848782707926268477e-10,5.375726148486137390e-03,2.848782707926268477e-10,1.590902172029018402e-02
2.872133385860090066e-10,2.858822932466864586e-03,2.872133385860090066e-10,1.647992245852947235e-02
2.895484063793912172e-10,2.649577800184488297e-04,2.895484063793912172e-10,1.699372008442878723e-02
2.918834741727733761e-10,-2.408234169706702232e-03,2.918834741727733761e-10,1.744087040424346924e-02
2.942185419661555866e-10,-5.142601206898689270e-03,2.942185419661555866e-10,1.781240478157997131e-02
2.965536097595377455e-10,-7.931767962872982025e-03,2.965536097595377455e-10,1.809980534017086029e-02
2.988886775529199561e-10,-1.072200387716293335e-02,2.988886775529199561e-10,1.829473674297332764e-02
3.012237453463021667e-10,-1.349858939647674561e-02,3.012237453463021667e-10,1.838880218565464020e-02
3.035588131396843256e-10,-1.624391227960586548e-02,3.035588131396843256e-10,1.837346144020557404e-02
3.058938809330665362e-10,-1.892983727157115936e-02,3.058938809330665362e-10,1.824021525681018829e-02
3.082289487264486950e-10,-2.154766581952571869e-02,3.082289487264486950e-10,1.798103377223014832e-02
3.105640165198309056e-10,-2.401842735707759857e-02,3.105640165198309056e-10,1.758892275393009186e-02
3.128990843132130645e-10,-2.640892751514911652e-02,3.128990843132130645e-10,1.705843955278396606e-02
3.152341521065952751e-10,-2.860039845108985901e-02,3.152341521065952751e-10,1.638602465391159058e-02
3.175692198999774340e-10,-3.065340593457221985e-02,3.175692198999774340e-10,1.557005662471055984e-02
3.199042876933596446e-10,-3.251050785183906555e-02,3.199042876933596446e-10,1.461065467447042465e-02
3.222393554867418035e-10,-3.413554280996322632e-02,3.222393554867418035e-10,1.350937690585851669e-02
3.245744232801240140e-10,-3.559332713484764099e-02,3.245744232801240140e-10,1.226895488798618317e-02
3.269094910735062246e-10,-3.675483539700508118e-02,3.269094910735062246e-10,1.089322101324796677e-02
3.292445588668883835e-10,-3.773757815361022949e-02,3.292445588668883835e-10,9.387271478772163391e-03
3.315796266602705941e-10,-3.844897821545600891e-02,3.315796266602705941e-10,7.757796905934810638e-03
3.339146944536527530e-10,-3.889886289834976196e-02,3.339146944536527530e-10,6.013449281454086304e-03
3.362497622470349636e-10,-3.913474828004837036e-02,3.362497622470349636e-10,4.165066871792078018e-03
3.385848300404171224e-10,-3.909156098961830139e-02,3.385848300404171224e-10,2.225645817816257477e-03
3.409198978337993330e-10,-3.884517028927803040e-02,3.409198978337993330e-10,2.100309357047080994e-04
3.432549656271814919e-10,-3.833571076393127441e-02,3.432549656271814919e-10,-1.865586265921592712e-03
3.455900334205637025e-10,-3.760651126503944397e-02,3.455900334205637025e-10,-3.984207287430763245e-03
3.479251012139458614e-10,-3.669533133506774902e-02,3.479251012139458614e-10,-6.128442473709583282e-03
3.502601690073280720e-10,-3.556120395660400391e-02,3.502601690073280720e-10,-8.280708454549312592e-03
3.525952368007102825e-10,-3.426769003272056580e-02,3.525952368007102825e-10,-1.042321510612964630e-02
3.549303045940924414e-10,-3.278291225433349609e-02,3.549303045940924414e-10,-1.253783795982599258e-02
3.572653723874746520e-10,-3.118528239428997040e-02,3.572653723874746520e-10,-1.460604742169380188e-02
3.596004401808568109e-10,-2.946671657264232635e-02,3.596004401808568109e-10,-1.660901866853237152e-02
3.619355079742390215e-10,-2.760735340416431427e-02,3.619355079742390215e-10,-1.852798834443092346e-02
3.642705757676211804e-10,-2.569999732077121735e-02,3.642705757676211804e-10,-2.034480310976505280e-02
3.666056435610033909e-10,-2.370279468595981598e-02,3.666056435610033909e-10,-2.204251848161220551e-02
3.689407113543855498e-10,-2.169628255069255829e-02,3.689407113543855498e-10,-2.360590174794197083e-02
3.712757791477677604e-10,-1.963186822831630707e-02,3.712757791477677604e-10,-2.502170205116271973e-02
3.736108469411499710e-10,-1.756427809596061707e-02,3.736108469411499710e-10,-2.627867460250854492e-02
3.759459147345321299e-10,-1.552982535213232040e-02,3.759459147345321299e-10,-2.736741490662097931e-02
3.782809825279143405e-10,-1.351077575236558914e-02,3.782809825279143405e-10,-2.828015387058258057e-02
3.806160503212964993e-10,-1.154059730470180511e-02,3.806160503212964993e-10,-2.901065163314342499e-02
3.829511181146787099e-10,-9.603646583855152130e-03,3.829511181146787099e-10,-2.955428883433341980e-02
3.852861859080608688e-10,-7.771399803459644318e-03,3.852861859080608688e-10,-2.990832738578319550e-02
3.876212537014430794e-10,-6.003498099744319916e-03,3.876212537014430794e-10,-3.007225133478641510e-02
3.899563214948252383e-10,-4.325540270656347275e-03,3.899563214948252383e-10,-3.004801459610462189e-02
3.922913892882074489e-10,-2.731621265411376953e-03,3.922913892882074489e-10,-2.984008938074111938e-02
3.946264570815896077e-10,-1.259207027032971382e-03,3.946264570815896077e-10,-2.945526503026485443e-02
3.969615248749718183e-10,1.060572685673832893e-04,3.969615248749718183e-10,-2.890223264694213867e-02
3.992965926683540289e-10,1.369956764392554760e-03,3.992965926683540289e-10,-2.819110639393329620e-02
4.016316604617361878e-10,2.531859558075666428e-03,4.016316604617361878e-10,-2.733302116394042969e-02
4.039667282551183984e-10,3.566008061170578003e-03,4.039667282551183984e-10,-2.633991092443466187e-02
4.063017960485005573e-10,4.484697710722684860e-03,4.063017960485005573e-10,-2.522448077797889709e-02
4.086368638418827678e-10,5.315882619470357895e-03,4.086368638418827678e-10,-2.400029823184013367e-02
4.109719316352649267e-10,6.022411864250898361e-03,4.109719316352649267e-10,-2.268186211585998535e-02
4.133069994286471373e-10,6.656683515757322311e-03,4.133069994286471373e-10,-2.128452621400356293e-02
4.156420672220292962e-10,7.140787784010171890e-03,4.156420672220292962e-10,-1.982421427965164185e-02
4.179771350154115068e-10,7.591125089675188065e-03,4.179771350154115068e-10,-1.831697113811969757e-02
4.203122028087936657e-10,7.920261472463607788e-03,4.203122028087936657e-10,-1.677845045924186707e-02
4.226472706021758763e-10,8.182039484381675720e-03,4.226472706021758763e-10,-1.522348634898662567e-02
4.249823383955580868e-10,8.374941535294055939e-03,4.249823383955580868e-10,-1.366586145013570786e-02
4.273174061889402457e-10,8.465068414807319641e-03,4.273174061889402457e-10,-1.211829576641321182e-02
4.296524739823224563e-10,8.565211668610572815e-03,4.296524739823224563e-10,-1.059259288012981415e-02
4.319875417757046152e-10,8.527047932147979736e-03,4.319875417757046152e-10,-9.099812246859073639e-03
4.343226095690868258e-10,8.508034981787204742e-03,4.343226095690868258e-10,-7.650339975953102112e-03
4.366576773624689847e-10,8.403705433011054993e-03,4.366576773624689847e-10,-6.253791972994804382e-03
4.389927451558511952e-10,8.278280496597290039e-03,4.389927451558511952e-10,-4.918762482702732086e-03
4.413278129492333541e-10,8.137097582221031189e-03,4.413278129492333541e-10,-3.652515355497598648e-03
4.436628807426155647e-10,7.924350909888744354e-03,4.436628807426155647e-10,-2.460749587044119835e-03
4.459979485359977236e-10,7.746876217424869537e-03,4.459979485359977236e-10,-1.347539480775594711e-03
4.483330163293799342e-10,7.504261098802089691e-03,4.483330163293799342e-10,-3.154815640300512314e-04
4.506680841227621448e-10,7.276487071067094803e-03,4.506680841227621448e-10,6.340048275887966156e-04
4.530031519161443036e-10,7.029942236840724945e-03,4.530031519161443036e-10,1.500343438237905502e-03
4.553382197095265142e-10,6.770541891455650330e-03,4.553382197095265142e-10,2.283554989844560623e-03
4.576732875029086731e-10,6.522397510707378387e-03,4.576732875029086731e-10,2.984181512147188187e-03
4.600083552962908837e-10,6.264414638280868530e-03,4.600083552962908837e-10,3.603374119848012924e-03
4.623434230896730426e-10,5.996159743517637253e-03,4.623434230896730426e-10,4.143066238611936569e-03
4.646784908830552532e-10,5.760040599852800369e-03,4.646784908830552532e-10,4.606108181178569794e-03
4.670135586764374637e-10,5.497504491358995438e-03,4.670135586764374637e-10,4.996259231120347977e-03
4.693486264698196226e-10,5.260425154119729996e-03,4.693486264698196226e-10,5.317997187376022339e-03
4.716836942632017815e-10,5.027911160141229630e-03,4.716836942632017815e-10,5.576196126639842987e-03
4.740187620565840438e-10,4.783553536981344223e-03,4.740187620565840438e-10,5.775777623057365417e-03
4.763538298499662027e-10,4.588669165968894958e-03,4.763538298499662027e-10,5.921454634517431259e-03
4.786888976433483616e-10,4.349206574261188507e-03,4.786888976433483616e-10,6.017655599862337112e-03
4.810239654367305204e-10,4.171752370893955231e-03,4.810239654367305204e-10,6.068617105484008789e-03
4.833590332301127827e-10,3.960771486163139343e-03,4.833590332301127827e-10,6.078572943806648254e-03
4.856941010234949416e-10,3.783823456615209579e-03,4.856941010234949416e-10,6.051923613995313644e-03
4.880291688168771005e-10,3.613089909777045250e-03,4.880291688168771005e-10,5.993278231471776962e-03
4.903642366102592594e-10,3.433774691075086594e-03,4.903642366102592594e-10,5.907332990318536758e-03
4.926993044036415217e-10,3.298013703897595406e-03,4.926993044036415217e-10,5.798629950731992722e-03
4.950343721970236805e-10,3.124122275039553642e-03,4.950343721970236805e-10,5.671286489814519882e-03
4.973694399904058394e-10,3.006411250680685043e-03,4.973694399904058394e-10,5.528820678591728210e-03
4.997045077837881017e-10,2.857763553038239479e-03,4.997045077837881017e-10,5.374131724238395691e-03
5.020395755771702606e-10,2.744404599070549011e-03,5.020395755771702606e-10,5.209647119045257568e-03
5.043746433705524195e-10,2.620696555823087692e-03,5.043746433705524195e-10,5.037553142756223679e-03
5.067097111639345784e-10,2.505616052076220512e-03,5.067097111639345784e-10,4.860009066760540009e-03
5.090447789573168406e-10,2.413657959550619125e-03,5.090447789573168406e-10,4.679243080317974091e-03
5.113798467506989995e-10,2.302622888237237930e-03,5.113798467506989995e-10,4.497488960623741150e-03
5.137149145440811584e-10,2.220292808488011360e-03,5.137149145440811584e-10,4.316806793212890625e-03
5.160499823374633173e-10,2.118970034644007683e-03,5.160499823374633173e-10,4.138867836445569992e-03
5.183850501308455796e-10,2.051340881735086441e-03,5.183850501308455796e-10,3.964821342378854752e-03
5.207201179242277385e-10,1.967137213796377182e-03,5.207201179242277385e-10,3.795300144702196121e-03
5.230551857176098974e-10,1.892618369311094284e-03,5.230551857176098974e-10,3.630578285083174706e-03
5.253902535109921596e-10,1.821677549742162228e-03,5.253902535109921596e-10,3.470805473625659943e-03
5.277253213043743185e-10,1.758484635502099991e-03,5.277253213043743185e-10,3.316223155707120895e-03
5.300603890977564774e-10,1.702775247395038605e-03,5.300603890977564774e-10,3.167265327647328377e-03
5.323954568911386363e-10,1.633410924114286900e-03,5.323954568911386363e-10,3.024509409442543983e-03
5.347305246845208986e-10,1.580422744154930115e-03,5.347305246845208986e-10,2.888506744056940079e-03
5.370655924779030575e-10,1.528019318357110023e-03,5.370655924779030575e-10,2.759581664577126503e-03
5.394006602712852163e-10,1.485787914134562016e-03,5.394006602712852163e-10,2.637700876221060753e-03
5.417357280646673752e-10,1.428829855285584927e-03,5.417357280646673752e-10,2.522476250305771828e-03
5.440707958580496375e-10,1.382122631184756756e-03,5.440707958580496375e-10,2.413308015093207359e-03
5.464058636514317964e-10,1.342352479696273804e-03,5.464058636514317964e-10,2.309602685272693634e-03
5.487409314448139553e-10,1.307680620811879635e-03,5.487409314448139553e-10,2.210966777056455612e-03
5.510759992381962176e-10,1.262365607544779778e-03,5.510759992381962176e-10,2.117290627211332321e-03
5.534110670315783764e-10,1.218979479745030403e-03,5.534110670315783764e-10,2.028688555583357811e-03
5.557461348249605353e-10,1.189669244922697544e-03,5.557461348249605353e-10,1.945328316651284695e-03
5.580812026183426942e-10,1.159224775619804859e-03,5.580812026183426942e-10,1.867233659140765667e-03
5.604162704117249565e-10,1.125311828218400478e-03,5.604162704117249565e-10,1.794155454263091087e-03
5.627513382051071154e-10,1.082760980352759361e-03,5.627513382051071154e-10,1.725571928545832634e-03
5.650864059984892743e-10,1.061848597601056099e-03,5.650864059984892743e-10,1.660816837102174759e-03
5.674214737918714331e-10,1.035492867231369019e-03,5.674214737918714331e-10,1.599276554770767689e-03
5.697565415852536954e-10,1.007847720757126808e-03,5.697565415852536954e-10,1.540563302114605904e-03
5.720916093786358543e-10,9.717395296320319176e-04,5.720916093786358543e-10,1.484585343860089779e-03
5.744266771720180132e-10,9.491451201029121876e-04,5.744266771720180132e-10,1.431482960470020771e-03
5.767617449654002755e-10,9.346592705696821213e-04,5.767617449654002755e-10,1.381461508572101593e-03
5.790968127587824344e-10,9.044087491929531097e-04,5.790968127587824344e-10,1.334600499831140041e-03
5.814318805521645932e-10,8.790842257440090179e-04,5.814318805521645932e-10,1.290729152970016003e-03
5.837669483455467521e-10,8.535122033208608627e-04,5.837669483455467521e-10,1.249425578862428665e-03
5.861020161389290144e-10,8.445282001048326492e-04,5.861020161389290144e-10,1.210140995681285858e-03
5.884370839323111733e-10,8.207635255530476570e-04,5.884370839323111733e-10,1.172388321720063686e-03
5.907721517256933322e-10,7.936800247989594936e-04,5.907721517256933322e-10,1.135904691182076931e-03
5.931072195190754911e-10,7.760806474834680557e-04,5.931072195190754911e-10,1.100710825994610786e-03
5.954422873124577533e-10,7.637016242370009422e-04,5.954422873124577533e-10,1.067039207555353642e-03
5.977773551058399122e-10,7.474648882634937763e-04,5.977773551058399122e-10,1.035167369991540909e-03
6.001124228992220711e-10,7.231357740238308907e-04,6.001124228992220711e-10,1.005235710181295872e-03
6.024474906926043334e-10,7.045003585517406464e-04,6.024474906926043334e-10,9.771377081051468849e-04
6.047825584859864923e-10,6.965237553231418133e-04,6.047825584859864923e-10,9.505320922471582890e-04
6.071176262793686512e-10,6.827107281424105167e-04,6.071176262793686512e-10,9.249689755961298943e-04
6.094526940727508100e-10,6.580471526831388474e-04,6.094526940727508100e-10,9.000674472190439701e-04
6.117877618661330723e-10,6.488887593150138855e-04,6.117877618661330723e-10,8.756601018831133842e-04
6.141228296595152312e-10,6.303337868303060532e-04,6.141228296595152312e-10,8.518375689163804054e-04
6.164578974528973901e-10,6.296332576312124729e-04,6.164578974528973901e-10,8.288738317787647247e-04
6.187929652462795490e-10,6.026028422638773918e-04,6.187929652462795490e-10,8.070690091699361801e-04
6.211280330396618113e-10,5.910250474698841572e-04,6.211280330396618113e-10,7.865839870646595955e-04
6.234631008330439701e-10,5.872711190022528172e-04,6.234631008330439701e-10,7.673439686186611652e-04
6.257981686264261290e-10,5.652735708281397820e-04,6.257981686264261290e-10,7.490548305213451385e-04
6.281332364198083913e-10,5.671700928360223770e-04,6.281332364198083913e-10,7.313246605917811394e-04
6.304683042131905502e-10,5.341735668480396271e-04,6.304683042131905502e-10,7.138318032957613468e-04
6.328033720065727091e-10,5.446897121146321297e-04,6.328033720065727091e-10,6.964600761421024799e-04
6.351384397999548680e-10,5.226880894042551517e-04,6.351384397999548680e-10,6.793367210775613785e-04
6.374735075933371303e-10,5.139921559020876884e-04,6.374735075933371303e-10,6.627547554671764374e-04
6.398085753867192891e-10,5.066461162641644478e-04,6.398085753867192891e-10,6.470178486779332161e-04
6.421436431801014480e-10,4.872133431490510702e-04,6.421436431801014480e-10,6.322825211100280285e-04
6.444787109734836069e-10,4.979365039616823196e-04,6.444787109734836069e-10,6.184732192195951939e-04
6.468137787668658692e-10,4.617357335519045591e-04,6.468137787668658692e-10,6.053103716112673283e-04
6.491488465602480281e-10,4.769738297909498215e-04,6.491488465602480281e-10,5.924361757934093475e-04
6.514839143536301870e-10,4.500075883697718382e-04,6.514839143536301870e-10,5.795759498141705990e-04
6.538189821470124492e-10,4.541502567008137703e-04,6.538189821470124492e-10,5.666573997586965561e-04
6.561540499403946081e-10,4.420334007591009140e-04,6.561540499403946081e-10,5.538323312066495419e-04
6.584891177337767670e-10,4.215626977384090424e-04,6.584891177337767670e-10,5.413928302004933357e-04
6.608241855271589259e-10,4.402596096042543650e-04,6.608241855271589259e-10,5.296234739944338799e-04
6.631592533205411882e-10,4.030816198792308569e-04,6.631592533205411882e-10,5.186601774767041206e-04
6.654943211139233471e-10,4.198669921606779099e-04,6.654943211139233471e-10,5.084217409603297710e-04
6.678293889073055059e-10,3.929865197278559208e-04,6.678293889073055059e-10,4.986439016647636890e-04
6.701644567006876648e-10,3.972196718677878380e-04,6.701644567006876648e-10,4.889995325356721878e-04
6.724995244940699271e-10,3.948633966501802206e-04,6.724995244940699271e-10,4.792473919223994017e-04
6.748345922874520860e-10,3.696469357237219810e-04,6.748345922874520860e-10,4.693399823736399412e-04
6.771696600808342449e-10,3.817805554717779160e-04,6.771696600808342449e-10,4.594393540173768997e-04
6.795047278742165072e-10,3.617977490648627281e-04,6.795047278742165072e-10,4.498337220866233110e-04
6.818397956675986660e-10,3.684847906697541475e-04,6.818397956675986660e-10,4.407942760735750198e-04
6.841748634609808249e-10,3.512654220685362816e-04,6.841748634609808249e-10,4.324407491367310286e-04
6.865099312543629838e-10,3.456627891864627600e-04,6.865099312543629838e-10,4.246805037837475538e-04
6.888449990477452461e-10,3.476962156128138304e-04,6.888449990477452461e-10,4.172504413872957230e-04
6.911800668411274050e-10,3.366731980349868536e-04,6.911800668411274050e-10,4.098408098798245192e-04
6.935151346345095639e-10,3.331686893943697214e-04,6.935151346345095639e-10,4.022406064905226231e-04
6.958502024278917227e-10,3.208922571502625942e-04,6.958502024278917227e-10,3.944336203858256340e-04
6.981852702212739850e-10,3.238994395360350609e-04,6.981852702212739850e-10,3.865995968226343393e-04
7.005203380146561439e-10,3.183149383403360844e-04,7.005203380146561439e-10,3.790215123444795609e-04
7.028554058080383028e-10,3.079603484366089106e-04,7.028554058080383028e-10,3.719455562531948090e-04
7.051904736014205651e-10,3.045194025617092848e-04,7.051904736014205651e-10,3.654614847619086504e-04
7.075255413948027240e-10,2.994039678014814854e-04,7.075255413948027240e-10,3.594596055336296558e-04
7.098606091881848828e-10,3.006549377460032701e-04,7.098606091881848828e-10,3.536832809913903475e-04
7.121956769815670417e-10,2.886525180656462908e-04,7.121956769815670417e-10,3.478497092146426439e-04
7.145307447749493040e-10,2.841181703843176365e-04,7.145307447749493040e-10,3.417813277337700129e-04
7.168658125683314629e-10,2.833318430930376053e-04,7.168658125683314629e-10,3.354856744408607483e-04
7.192008803617136218e-10,2.785803808365017176e-04,7.192008803617136218e-10,3.291475295554846525e-04
7.215359481550957807e-10,2.751750871539115906e-04,7.215359481550957807e-10,3.230375004932284355e-04
7.238710159484780429e-10,2.633128024172037840e-04,7.238710159484780429e-10,3.173807344865053892e-04
7.262060837418602018e-10,2.687690721359103918e-04,7.262060837418602018e-10,3.122479247394949198e-04
7.285411515352423607e-10,2.603924367576837540e-04,7.285411515352423607e-10,3.075202694162726402e-04
7.308762193286246230e-10,2.585168404038995504e-04,7.308762193286246230e-10,3.029451763723045588e-04
7.332112871220067819e-10,2.499367110431194305e-04,7.332112871220067819e-10,2.982560836244374514e-04
7.355463549153889408e-10,2.491743653081357479e-04,7.355463549153889408e-10,2.932987699750810862e-04
7.378814227087710997e-10,2.497492241673171520e-04,7.378814227087710997e-10,2.881032123696058989e-04
7.402164905021533619e-10,2.382622624281793833e-04,7.402164905021533619e-10,2.828662400133907795e-04
7.425515582955355208e-10,2.402973768766969442e-04,7.425515582955355208e-10,2.778538328129798174e-04
7.448866260889176797e-10,2.311064890818670392e-04,7.448866260889176797e-10,2.732710272539407015e-04
7.472216938822999420e-10,2.376396587351337075e-04,7.472216938822999420e-10,2.691624104045331478e-04
7.495567616756821009e-10,2.240932662971317768e-04,7.495567616756821009e-10,2.653911360539495945e-04
7.518918294690642598e-10,2.251112600788474083e-04,7.518918294690642598e-10,2.617053396534174681e-04
7.542268972624464186e-10,2.215020358562469482e-04,7.542268972624464186e-10,2.578591811470687389e-04
7.565619650558286809e-10,2.196803689002990723e-04,7.565619650558286809e-10,2.537293185014277697e-04
7.588970328492108398e-10,2.171094383811578155e-04,7.588970328492108398e-10,2.493715728633105755e-04
7.612321006425929987e-10,2.062074054265394807e-04,7.612321006425929987e-10,2.449911844450980425e-04
7.635671684359751576e-10,2.153472451027482748e-04,7.635671684359751576e-10,2.408420550636947155e-04
7.659022362293574199e-10,2.031351614277809858e-04,7.659022362293574199e-10,2.371036098338663578e-04
7.682373040227395787e-10,2.076875098282471299e-04,7.682373040227395787e-10,2.337945188628509641e-04
7.705723718161217376e-10,1.948946010088548064e-04,7.705723718161217376e-10,2.307642425876110792e-04
7.729074396095039999e-10,2.003052941290661693e-04,7.729074396095039999e-10,2.277658641105517745e-04
7.752425074028861588e-10,1.988240110222250223e-04,7.752425074028861588e-10,2.245747309643775225e-04
7.775775751962683177e-10,1.888176047941669822e-04,7.775775751962683177e-10,2.210952952736988664e-04
7.799126429896504766e-10,1.914801105158403516e-04,7.799126429896504766e-10,2.174049150198698044e-04
7.822477107830327388e-10,1.840261247707530856e-04,7.822477107830327388e-10,2.137137926183640957e-04
7.845827785764148977e-10,1.914393506012856960e-04,7.845827785764148977e-10,2.102615835610777140e-04
7.869178463697970566e-10,1.795325661078095436e-04,7.869178463697970566e-10,2.072013157885521650e-04
7.892529141631792155e-10,1.782083854777738452e-04,7.892529141631792155e-10,2.045267174253240228e-04
7.915879819565614778e-10,1.777629222488030791e-04,7.915879819565614778e-10,2.020770916715264320e-04
7.939230497499436367e-10,1.788489898899570107e-04,7.939230497499436367e-10,1.996158825932070613e-04
7.962581175433257955e-10,1.726997143123298883e-04,7.962581175433257955e-10,1.969439472304657102e-04
7.985931853367080578e-10,1.676362735452130437e-04,7.985931853367080578e-10,1.939928915817290545e-04
8.009282531300902167e-10,1.686775794951245189e-04,8.009282531300902167e-10,1.908547565108165145e-04
8.032633209234723756e-10,1.693304511718451977e-04,8.032633209234723756e-10,1.877351314760744572e-04
8.055983887168545345e-10,1.663132861722260714e-04,8.055983887168545345e-10,1.848532265285030007e-04
8.079334565102367968e-10,1.560921955388039351e-04,8.079334565102367968e-10,1.823370257625356317e-04
8.102685243036189556e-10,1.627052406547591090e-04,8.102685243036189556e-10,1.801628095563501120e-04
8.126035920970011145e-10,1.586164435138925910e-04,8.126035920970011145e-10,1.781674072844907641e-04
8.149386598903832734e-10,1.596614165464416146e-04,8.149386598903832734e-10,1.761266903486102819e-04
8.172737276837655357e-10,1.495454343967139721e-04,8.172737276837655357e-10,1.738626742735505104e-04
8.196087954771476946e-10,1.503177627455443144e-04,8.196087954771476946e-10,1.713279634714126587e-04
8.219438632705298535e-10,1.562188699608668685e-04,8.219438632705298535e-10,1.686272007646039128e-04
8.242789310639121157e-10,1.467903057346120477e-04,8.242789310639121157e-10,1.659652480157092214e-04
8.266139988572942746e-10,1.473189477110281587e-04,8.266139988572942746e-10,1.635474327486008406e-04
8.289490666506764335e-10,1.393693819409236312e-04,8.289490666506764335e-10,1.614799402887001634e-04
8.312841344440585924e-10,1.485899556428194046e-04,8.312841344440585924e-10,1.597187510924413800e-04
8.336192022374408547e-10,1.434122823411598802e-04,8.336192022374408547e-10,1.580913376528769732e-04
8.359542700308230136e-10,1.353364787064492702e-04,8.359542700308230136e-10,1.563803089084103703e-04
8.382893378242051724e-10,1.383817580062896013e-04,8.382893378242051724e-10,1.544280385132879019e-04
8.406244056175873313e-10,1.350933598587289453e-04,8.406244056175873313e-10,1.522116945125162601e-04
8.429594734109695936e-10,1.417498715454712510e-04,8.429594734109695936e-10,1.498528727097436786e-04
8.452945412043517525e-10,1.277719275094568729e-04,8.452945412043517525e-10,1.475578028475865722e-04
8.476296089977339114e-10,1.299139839829877019e-04,8.476296089977339114e-10,1.455173915019258857e-04
8.499646767911161737e-10,1.323512551607564092e-04,8.499646767911161737e-10,1.438153267372399569e-04
8.522997445844983326e-10,1.297506823902949691e-04,8.522997445844983326e-10,1.423881913069635630e-04
8.546348123778804914e-10,1.291004009544849396e-04,8.546348123778804914e-10,1.410562836099416018e-04
8.569698801712626503e-10,1.177898375317454338e-04,8.569698801712626503e-10,1.396102306898683310e-04
8.593049479646449126e-10,1.292229571845382452e-04,8.593049479646449126e-10,1.379114546580240130e-04
8.616400157580270715e-10,1.232327922480180860e-04,8.616400157580270715e-10,1.359580637654289603e-04
8.639750835514092304e-10,1.221858401549980044e-04,8.639750835514092304e-10,1.338846341241151094e-04
8.663101513447913893e-10,1.164252826129086316e-04,8.663101513447913893e-10,1.318960712524130940e-04
8.686452191381736515e-10,1.169935203506611288e-04,8.686452191381736515e-10,1.301679440075531602e-04
8.709802869315558104e-10,1.236539101228117943e-04,8.709802869315558104e-10,1.287618215428665280e-04
8.733153547249379693e-10,1.125761627918109298e-04,8.733153547249379693e-10,1.275966351386159658e-04
8.756504225183202316e-10,1.145982168964110315e-04,8.756504225183202316e-10,1.264892780454829335e-04
8.779854903117023905e-10,1.097335843951441348e-04,8.779854903117023905e-10,1.252439687959849834e-04
8.803205581050845494e-10,1.172305856016464531e-04,8.803205581050845494e-10,1.237463438883423805e-04
8.826556258984667082e-10,1.110545199480839074e-04,8.826556258984667082e-10,1.220168123836629093e-04
8.849906936918489705e-10,1.059403584804385900e-04,8.849906936918489705e-10,1.201982740894891322e-04
8.873257614852311294e-10,1.086480842786841094e-04,8.873257614852311294e-10,1.184852299047634006e-04
8.896608292786132883e-10,1.075483742170035839e-04,8.896608292786132883e-10,1.170293762697838247e-04
8.919958970719954472e-10,1.102931419154629111e-04,8.919958970719954472e-10,1.158672603196464479e-04
8.943309648653777095e-10,1.000342817860655487e-04,8.943309648653777095e-10,1.149041636381298304e-04
8.966660326587598683e-10,1.030016865115612745e-04,8.966660326587598683e-10,1.139610976679250598e-04
8.990011004521420272e-10,1.050517603289335966e-04,8.990011004521420272e-10,1.128616422647610307e-04
9.013361682455242895e-10,1.018678085529245436e-04,9.013361682455242895e-10,1.115167397074401379e-04
9.036712360389064484e-10,1.012043940136209130e-04,9.036712360389064484e-10,1.099667206290178001e-04
9.060063038322886073e-10,9.419205889571458101e-05,9.060063038322886073e-10,1.083605748135596514e-04
9.083413716256707662e-10,1.015997331705875695e-04,9.083413716256707662e-10,1.068826895789243281e-04
9.106764394190530284e-10,9.986919030779972672e-05,9.106764394190530284e-10,1.056627879734151065e-04
9.130115072124351873e-10,9.243204840458929539e-05,9.130115072124351873e-10,1.047128389473073184e-04
9.153465750058173462e-10,9.700750524643808603e-05,9.153465750058173462e-10,1.039217095240019262e-04
9.176816427991995051e-10,8.998709381558001041e-05,9.176816427991995051e-10,1.031098654493689537e-04
9.200167105925817674e-10,1.001243217615410686e-04,9.200167105925817674e-10,1.021171265165321529e-04
9.223517783859639263e-10,8.942958811530843377e-05,9.223517783859639263e-10,1.008803301374427974e-04
9.246868461793460851e-10,8.820000948617234826e-05,9.246868461793460851e-10,9.946317004505544901e-05
9.270219139727283474e-10,9.341887198388576508e-05,9.270219139727283474e-10,9.802409476833418012e-05
9.293569817661105063e-10,8.768020052229985595e-05,9.293569817661105063e-10,9.673867316450923681e-05
9.316920495594927686e-10,9.315004717791453004e-05,9.316920495594927686e-10,9.571445843903347850e-05
9.340271173528749275e-10,8.138031989801675081e-05,9.340271173528749275e-10,9.493956167716532946e-05
9.363621851462570864e-10,8.846349373925477266e-05,9.363621851462570864e-10,9.428917110199108720e-05
9.386972529396392452e-10,8.732135756872594357e-05,9.386972529396392452e-10,9.358616080135107040e-05
9.410323207330214041e-10,8.606600022176280618e-05,9.410323207330214041e-10,9.268624853575602174e-05
9.433673885264035630e-10,8.132535003824159503e-05,9.433673885264035630e-10,9.154679719358682632e-05
9.457024563197857219e-10,8.311757846968248487e-05,9.457024563197857219e-10,9.024659084388986230e-05
9.480375241131680876e-10,8.313103171531111002e-05,9.480375241131680876e-10,8.894735219655558467e-05
9.503725919065502465e-10,8.459950913675129414e-05,9.503725919065502465e-10,8.781575161265209317e-05
9.527076596999324053e-10,7.765425834804773331e-05,9.527076596999324053e-10,8.694345160620287061e-05
9.550427274933145642e-10,7.821793406037613750e-05,9.550427274933145642e-10,8.630355296190828085e-05
9.573777952866967231e-10,8.312244608532637358e-05,9.573777952866967231e-10,8.576426625950261950e-05
9.597128630800788820e-10,7.587089203298091888e-05,9.597128630800788820e-10,8.515291847288608551e-05
9.620479308734610409e-10,8.261526090791448951e-05,9.620479308734610409e-10,8.433902257820591331e-05
9.643829986668431998e-10,6.685104017378762364e-05,9.643829986668431998e-10,8.329615957336500287e-05
9.667180664602255655e-10,8.591600635554641485e-05,9.667180664602255655e-10,8.211311069317162037e-05
9.690531342536077243e-10,7.027662650216370821e-05,9.690531342536077243e-10,8.094965596683323383e-05
9.713882020469898832e-10,7.817934965714812279e-05,9.713882020469898832e-10,7.995912164915353060e-05
9.737232698403720421e-10,7.117888890206813812e-05,9.737232698403720421e-10,7.921546784928068519e-05
9.760583376337542010e-10,7.001951598795130849e-05,9.760583376337542010e-10,7.867953536333516240e-05
9.783934054271363599e-10,8.319034532178193331e-05,9.783934054271363599e-10,7.821968029020354152e-05
9.807284732205185188e-10,6.001900328556075692e-05,9.807284732205185188e-10,7.767588249407708645e-05
9.830635410139008844e-10,8.137597615132108331e-05,9.830635410139008844e-10,7.693614315940067172e-05
9.853986088072830433e-10,5.899651660001836717e-05,9.853986088072830433e-10,7.598887168569490314e-05
9.877336766006652022e-10,8.152356895152479410e-05,9.877336766006652022e-10,7.492677104892209172e-05
9.900687443940473611e-10,6.362560816342011094e-05,9.900687443940473611e-10,7.390106475213542581e-05
9.924038121874295200e-10,6.750380271114408970e-05,9.924038121874295200e-10,7.304822793230414391e-05
9.947388799808116789e-10,7.047849794616922736e-05,9.947388799808116789e-10,7.242448918987065554e-05
9.970739477741938377e-10,6.336360092973336577e-05,9.970739477741938377e-10,7.197940431069582701e-05
9.994090155675762034e-10,7.587029540445655584e-05,9.994090155675762034e-10,7.158129301387816668e-05
1.001744083360958362e-09,5.358509224606677890e-05,1.001744083360958362e-09,7.108200225047767162e-05
1.004079151154340521e-09,7.525170804001390934e-05,1.004079151154340521e-09,7.038934563752263784e-05
1.006414218947722680e-09,5.743402289226651192e-05,1.006414218947722680e-09,6.951169052626937628e-05
1.008749286741104839e-09,7.277946133399382234e-05,1.008749286741104839e-09,6.855279934825375676e-05
1.011084354534486998e-09,5.652172694681212306e-05,1.011084354534486998e-09,6.765973375877365470e-05
1.013419422327869157e-09,6.400405254680663347e-05,1.013419422327869157e-09,6.694987678201869130e-05
1.015754490121251316e-09,6.569646211573854089e-05,1.015754490121251316e-09,6.645327084697782993e-05
1.018089557914633681e-09,5.928331665927544236e-05,1.018089557914633681e-09,6.609856063732877374e-05
1.020424625708015840e-09,6.505780766019597650e-05,1.020424625708015840e-09,6.574903818545863032e-05
1.022759693501397999e-09,5.318565672496333718e-05,1.022759693501397999e-09,6.527051300508901477e-05
1.025094761294780158e-09,6.840624700998887420e-05,1.025094761294780158e-09,6.459733413066715002e-05
1.027429829088162317e-09,5.546658940147608519e-05,1.027429829088162317e-09,6.376422970788553357e-05
1.029764896881544476e-09,6.230984581634402275e-05,1.029764896881544476e-09,6.288874283200129867e-05
1.032099964674926635e-09,5.328361294232308865e-05,1.032099964674926635e-09,6.211309664649888873e-05
1.034435032468309000e-09,6.304546695901080966e-05,1.034435032468309000e-09,6.153411231935024261e-05
1.036770100261691159e-09,5.636211790260858834e-05,1.036770100261691159e-09,6.115549331298097968e-05
1.039105168055073318e-09,5.831306771142408252e-05,1.039105168055073318e-09,6.088569352868944407e-05
1.041440235848455477e-09,5.267362575978040695e-05,1.041440235848455477e-09,6.058262806618586183e-05
1.043775303641837636e-09,5.926527956034988165e-05,1.043775303641837636e-09,6.012323865434154868e-05
1.046110371435219795e-09,5.675850115949288011e-05,1.046110371435219795e-09,5.946394230704754591e-05
1.048445439228601954e-09,5.296432937029749155e-05,1.048445439228601954e-09,5.866219726158306003e-05
1.050780507021984319e-09,5.598052666755393147e-05,1.050780507021984319e-09,5.784862878499552608e-05
1.053115574815366478e-09,4.993048059986904263e-05,1.053115574815366478e-09,5.716339728678576648e-05
1.055450642608748637e-09,6.348497117869555950e-05,1.055450642608748637e-09,5.668801532010547817e-05
1.057785710402130796e-09,4.257482214597985148e-05,1.057785710402130796e-09,5.640579547616653144e-05
1.060120778195512955e-09,6.156198651297017932e-05,1.060120778195512955e-09,5.620989395538344979e-05
1.062455845988895114e-09,4.294344034860841930e-05,1.062455845988895114e-09,5.595463153440505266e-05
1.064790913782277273e-09,6.285739073064178228e-05,1.064790913782277273e-09,5.552517177420668304e-05
1.067125981575659431e-09,4.465983511181548238e-05,1.067125981575659431e-09,5.489219984156079590e-05
1.069461049369041797e-09,5.106798198539763689e-05,1.069461049369041797e-09,5.412586324382573366e-05
1.071796117162423956e-09,5.399198562372475863e-05,1.071796117162423956e-09,5.336263347999192774e-05
1.074131184955806115e-09,4.508697384153492749e-05,1.074131184955806115e-09,5.274082650430500507e-05
1.076466252749188274e-09,6.062261672923341393e-05,1.076466252749188274e-09,5.233507908997125924e-05
1.078801320542570433e-09,3.267969441367313266e-05,1.078801320542570433e-09,5.212059841142036021e-05
1.081136388335952592e-09,6.561366171808913350e-05,1.081136388335952592e-09,5.198428698349744081e-05
1.083471456129334750e-09,3.502511026454158127e-05,1.083471456129334750e-09,5.177790444577112794e-05
1.085806523922717116e-09,6.136244337540119886e-05,1.085806523922717116e-09,5.138842971064150333e-05
1.088141591716099275e-09,3.574545189621858299e-05,1.088141591716099275e-09,5.079210313851945102e-05
1.090476659509481434e-09,5.241019607638008893e-05,1.090476659509481434e-09,5.006592255085706711e-05
1.092811727302863593e-09,5.032062836107797921e-05,1.092811727302863593e-09,4.935074321110732853e-05
1.095146795096245752e-09,3.971072146669030190e-05,1.095146795096245752e-09,4.878365871263667941e-05
1.097481862889627911e-09,5.563552986131981015e-05,1.097481862889627911e-09,4.843252463615499437e-05
1.099816930683010069e-09,3.045278208446688950e-05,1.099816930683010069e-09,4.826437725569121540e-05
1.102151998476392435e-09,6.540896720252931118e-05,1.102151998476392435e-09,4.816259388462640345e-05
1.104487066269774594e-09,2.740701893344521523e-05,1.104487066269774594e-09,4.798369991476647556e-05
1.106822134063156753e-09,5.851429523318074644e-05,1.106822134063156753e-09,4.762563912663608789e-05
1.109157201856538912e-09,3.140533954137936234e-05,1.109157201856538912e-09,4.707476546172983944e-05
1.111492269649921071e-09,5.461244290927425027e-05,1.111492269649921071e-09,4.640993211069144309e-05
1.113827337443303230e-09,4.122663085581734776e-05,1.113827337443303230e-09,4.576320134219713509e-05
1.116162405236685388e-09,3.812118666246533394e-05,1.116162405236685388e-09,4.525681652012281120e-05
1.118497473030067547e-09,5.070864790468476713e-05,1.118497473030067547e-09,4.494644235819578171e-05
1.120832540823449913e-09,3.239403304178267717e-05,1.120832540823449913e-09,4.479677954805083573e-05
1.123167608616832072e-09,5.868918378837406635e-05,1.123167608616832072e-09,4.470007115742191672e-05
1.125502676410214231e-09,2.230703466921113431e-05,1.125502676410214231e-09,4.452818393474444747e-05
1.127837744203596390e-09,5.814735050080344081e-05,1.127837744203596390e-09,4.419342440087348223e-05
1.130172811996978549e-09,2.820413465087767690e-05,1.130172811996978549e-09,4.368937152321450412e-05
1.132507879790360707e-09,5.409027653513476253e-05,1.132507879790360707e-09,4.309235373511910439e-05
1.134842947583742866e-09,3.044100958504714072e-05,1.134842947583742866e-09,4.252309372532181442e-05
1.137178015377125232e-09,4.247963443049229681e-05,1.137178015377125232e-09,4.208737664157524705e-05
1.139513083170507391e-09,4.435857044882141054e-05,1.139513083170507391e-09,4.182500197202898562e-05
1.141848150963889550e-09,3.372288847458548844e-05,1.141848150963889550e-09,4.169216117588803172e-05
1.144183218757271709e-09,4.889034607913345098e-05,1.144183218757271709e-09,4.158540832577273250e-05
1.146518286550653867e-09,2.276231316500343382e-05,1.146518286550653867e-09,4.139434531680308282e-05
1.148853354344036026e-09,5.836649870616383851e-05,1.148853354344036026e-09,4.105594052816741168e-05
1.151188422137418185e-09,2.183021570090204477e-05,1.151188422137418185e-09,4.058345439261756837e-05
1.153523489930800551e-09,5.290444460115395486e-05,1.153523489930800551e-09,4.005668597528710961e-05
1.155858557724182710e-09,2.311761636519804597e-05,1.155858557724182710e-09,3.958010347560048103e-05
1.158193625517564869e-09,4.818021261598914862e-05,1.158193625517564869e-09,3.923089388990774751e-05
1.160528693310947028e-09,3.621795985964126885e-05,1.160528693310947028e-09,3.902255775756202638e-05
1.162863761104329186e-09,3.175954043399542570e-05,1.162863761104329186e-09,3.890081643476150930e-05
1.165198828897711345e-09,4.420006007421761751e-05,1.165198828897711345e-09,3.877229391946457326e-05
1.167533896691093504e-09,2.524993396946229041e-05,1.167533896691093504e-09,3.855110480799339712e-05
1.169868964484475663e-09,5.330428757588379085e-05,1.169868964484475663e-09,3.820063284365460277e-05
1.172204032277858029e-09,1.857014649431221187e-05,1.172204032277858029e-09,3.775074219447560608e-05
1.174539100071240188e-09,4.834237915929406881e-05,1.174539100071240188e-09,3.728239244082942605e-05
1.176874167864622347e-09,2.536213287385180593e-05,1.176874167864622347e-09,3.688704600790515542e-05
1.179209235658004505e-09,4.548123979475349188e-05,1.179209235658004505e-09,3.662058588815853000e-05
1.181544303451386664e-09,2.822136775648687035e-05,1.181544303451386664e-09,3.647460471256636083e-05
1.183879371244768823e-09,3.501868195598945022e-05,1.183879371244768823e-09,3.637999543570913374e-05
1.186214439038150982e-09,3.619303242885507643e-05,1.186214439038150982e-09,3.624181408667936921e-05
1.188549506831533348e-09,3.372093124198727310e-05,1.188549506831533348e-09,3.598816692829132080e-05
1.190884574624915507e-09,3.680387089843861759e-05,1.190884574624915507e-09,3.560789264156483114e-05
1.193219642418297666e-09,2.540737477829679847e-05,1.193219642418297666e-09,3.515710704959928989e-05
1.195554710211679824e-09,4.337076825322583318e-05,1.195554710211679824e-09,3.473072501947171986e-05
1.197889778005061983e-09,2.406524436082690954e-05,1.197889778005061983e-09,3.441353692323900759e-05
1.200224845798444142e-09,4.520952643360942602e-05,1.200224845798444142e-09,3.423634552746079862e-05
1.202559913591826301e-09,1.553521178720984608e-05,1.202559913591826301e-09,3.415979153942316771e-05
1.204894981385208667e-09,4.887570685241371393e-05,1.204894981385208667e-09,3.409402779652737081e-05
1.207230049178590826e-09,2.101887548633385450e-05,1.207230049178590826e-09,3.394387749722227454e-05
1.209565116971972985e-09,4.016993261757306755e-05,1.209565116971972985e-09,3.365656084497459233e-05
1.211900184765355143e-09,2.638749720063060522e-05,1.211900184765355143e-09,3.324832141515798867e-05
1.214235252558737302e-09,2.851017598004546016e-05,1.214235252558737302e-09,3.279712473158724606e-05
1.216570320352119461e-09,4.499602800933644176e-05,1.216570320352119461e-09,3.240513615310192108e-05
1.218905388145501620e-09,1.253869777428917587e-05,1.218905388145501620e-09,3.214902244508266449e-05
1.221240455938883986e-09,5.013829650124534965e-05,1.221240455938883986e-09,3.204181484761647880e-05
1.223575523732266145e-09,9.051993401953950524e-06,1.223575523732266145e-09,3.202481457265093923e-05
1.225910591525648304e-09,5.299023905536159873e-05,1.225910591525648304e-09,3.199419734301045537e-05
1.228245659319030462e-09,1.435340163880027831e-05,1.228245659319030462e-09,3.185043897246941924e-05
1.230580727112412621e-09,3.581727287382818758e-05,1.230580727112412621e-09,3.154734804411418736e-05
1.232915794905794780e-09,2.979728924401570112e-05,1.232915794905794780e-09,3.111656405963003635e-05
1.235250862699176939e-09,2.585183756309561431e-05,1.235250862699176939e-09,3.065454075112938881e-05
1.237585930492559098e-09,4.038769475300796330e-05,1.237585930492559098e-09,3.027708225999958813e-05
1.239920998285941464e-09,1.188550413644406945e-05,1.239920998285941464e-09,3.006299448315985501e-05
1.242256066079323623e-09,4.528326826402917504e-05,1.242256066079323623e-09,3.001451659656595439e-05
1.244591133872705781e-09,1.629948746995069087e-05,1.244591133872705781e-09,3.005452526849694550e-05
1.246926201666087940e-09,4.136672941967844963e-05,1.246926201666087940e-09,3.006251790793612599e-05
1.249261269459470099e-09,1.519798752269707620e-05,1.249261269459470099e-09,2.993217094626743346e-05
1.251596337252852258e-09,3.622371150413528085e-05,1.251596337252852258e-09,2.962264989037066698e-05
1.253931405046234417e-09,2.562852387200109661e-05,1.253931405046234417e-09,2.917892925324849784e-05
1.256266472839616783e-09,3.012893648701719940e-05,1.256266472839616783e-09,2.871135257009882480e-05
1.258601540632998942e-09,2.517189932405017316e-05,1.258601540632998942e-09,2.834405495377723128e-05
1.260936608426381100e-09,2.429217420285567641e-05,1.260936608426381100e-09,2.815644256770610809e-05
1.263271676219763259e-09,3.601324351620860398e-05,1.263271676219763259e-09,2.814514482452068478e-05
1.265606744013145418e-09,1.849954423960298300e-05,1.265606744013145418e-09,2.822445821948349476e-05
1.267941811806527577e-09,3.524054773151874542e-05,1.267941811806527577e-09,2.826559102686587721e-05
1.270276879599909736e-09,1.351787068415433168e-05,1.270276879599909736e-09,2.815688276314176619e-05
1.272611947393292102e-09,4.273368904250673950e-05,1.272611947393292102e-09,2.785692595352884382e-05
1.274947015186674261e-09,1.424957190465647727e-05,1.274947015186674261e-09,2.741514617810025811e-05
1.277282082980056419e-09,3.382610884727910161e-05,1.277282082980056419e-09,2.694931572477798909e-05
1.279617150773438578e-09,1.820322358980774879e-05,1.279617150773438578e-09,2.659009624039754272e-05
1.281952218566820737e-09,3.137308158329688013e-05,1.281952218566820737e-09,2.641894570842850953e-05
1.284287286360202896e-09,2.855943785107228905e-05,1.284287286360202896e-09,2.642938670760486275e-05
1.286622354153585055e-09,1.608001548447646201e-05,1.286622354153585055e-09,2.653038245625793934e-05
1.288957421946967214e-09,3.472650860203430057e-05,1.288957421946967214e-09,2.658995072124525905e-05
1.291292489740349579e-09,1.471200084779411554e-05,1.291292489740349579e-09,2.649761336215306073e-05
1.293627557533731738e-09,4.054314922541379929e-05,1.293627557533731738e-09,2.621566454763524234e-05
1.295962625327113897e-09,8.270453690784052014e-06,1.295962625327113897e-09,2.579540887381881475e-05
1.298297693120496056e-09,3.522756014717742801e-05,1.298297693120496056e-09,2.535182102292310447e-05
1.300632760913878215e-09,1.807803710107691586e-05,1.300632760913878215e-09,2.500953632988967001e-05
1.302967828707260374e-09,3.114026185357943177e-05,1.302967828707260374e-09,2.484564720361959189e-05
1.305302896500642533e-09,2.054063770628999919e-05,1.305302896500642533e-09,2.485522963979747146e-05
1.307637964294024898e-09,1.949341458384878933e-05,1.307637964294024898e-09,2.495464832463767380e-05
1.309973032087407057e-09,3.239940633648075163e-05,1.309973032087407057e-09,2.502058123354800045e-05
1.312308099880789216e-09,1.676987085375003517e-05,1.312308099880789216e-09,2.494692671461962163e-05
1.314643167674171375e-09,3.184147135470993817e-05,1.314643167674171375e-09,2.469368337187916040e-05
1.316978235467553534e-09,1.021596290229354054e-05,1.316978235467553534e-09,2.430527274555061013e-05
1.319313303260935693e-09,3.604220546549186110e-05,1.319313303260935693e-09,2.388941538811195642e-05
1.321648371054317852e-09,1.591818909219000489e-05,1.321648371054317852e-09,2.356610093556810170e-05
1.323983438847700217e-09,2.827378193615004420e-05,1.323983438847700217e-09,2.341075742151588202e-05
1.326318506641082376e-09,1.580588650540448725e-05,1.326318506641082376e-09,2.341903564229141921e-05
1.328653574434464535e-09,2.645581116667017341e-05,1.328653574434464535e-09,2.351029434066731483e-05
1.330988642227846694e-09,2.544324343034531921e-05,1.330988642227846694e-09,2.356773438805248588e-05
1.333323710021228853e-09,1.794017043721396476e-05,1.333323710021228853e-09,2.349486567254643887e-05
1.335658777814611012e-09,2.449097519274801016e-05,1.335658777814611012e-09,2.326035428268369287e-05
1.337993845607993171e-09,1.726486698316875845e-05,1.337993845607993171e-09,2.291002419951837510e-05
1.340328913401375330e-09,3.194298551534302533e-05,1.340328913401375330e-09,2.254188257211353630e-05
1.342663981194757695e-09,1.217320641444530338e-05,1.342663981194757695e-09,2.225810567324515432e-05
1.344999048988139854e-09,2.806938027788419276e-05,1.344999048988139854e-09,2.211786522821057588e-05
1.347334116781522013e-09,1.355401764158159494e-05,1.347334116781522013e-09,2.211260471085552126e-05
1.349669184574904172e-09,3.239883881178684533e-05,1.349669184574904172e-09,2.217339533672202379e-05
1.352004252368286331e-09,1.361629620078019798e-05,1.352004252368286331e-09,2.220499663962982595e-05
1.354339320161668490e-09,2.264267277496401221e-05,1.354339320161668490e-09,2.212999788753222674e-05
1.356674387955050649e-09,2.115367897204123437e-05,1.356674387955050649e-09,2.192312786064576358e-05
1.359009455748433014e-09,1.990032978937961161e-05,1.359009455748433014e-09,2.162096825486514717e-05
1.361344523541815173e-09,2.793306339299306273e-05,1.361344523541815173e-09,2.130334542016498744e-05
1.363679591335197332e-09,6.939872037037275732e-06,1.363679591335197332e-09,2.105520798068027943e-05
1.366014659128579491e-09,3.395345265744253993e-05,1.366014659128579491e-09,2.092668364639393985e-05
1.368349726921961650e-09,9.574214345775544643e-06,1.368349726921961650e-09,2.091019996441900730e-05
1.370684794715343809e-09,3.168505645589902997e-05,1.370684794715343809e-09,2.094569936161860824e-05
1.373019862508725968e-09,9.419471098226495087e-06,1.373019862508725968e-09,2.095130548696033657e-05
1.375354930302108333e-09,2.367899287492036819e-05,1.375354930302108333e-09,2.086391941702459008e-05
1.377689998095490492e-09,2.357677658437751234e-05,1.377689998095490492e-09,2.066915476461872458e-05
1.380025065888872651e-09,1.404881004418712109e-05,1.380025065888872651e-09,2.040579238382633775e-05
1.382360133682254810e-09,2.652847251738421619e-05,1.382360133682254810e-09,2.014360688917804509e-05
1.384695201475636969e-09,8.173426977009512484e-06,1.384695201475636969e-09,1.994725062104407698e-05
1.387030269269019128e-09,3.294193447800353169e-05,1.387030269269019128e-09,1.984529808396473527e-05
1.389365337062401287e-09,9.698813300929032266e-06,1.389365337062401287e-09,1.981942659767810255e-05
1.391700404855783445e-09,2.431344546494074166e-05,1.391700404855783445e-09,1.981721652555279434e-05
1.394035472649165811e-09,1.464272463636007160e-05,1.394035472649165811e-09,1.978005821001715958e-05
1.396370540442547970e-09,2.146939004887826741e-05,1.396370540442547970e-09,1.967134448932483792e-05
1.398705608235930129e-09,2.205333657911978662e-05,1.398705608235930129e-09,1.949177567439619452e-05
1.401040676029312288e-09,1.149642866948852316e-05,1.401040676029312288e-09,1.927603079820983112e-05
1.403375743822694447e-09,2.477422094671055675e-05,1.403375743822694447e-09,1.907398655021097511e-05
1.405710811616076606e-09,1.327821428276365623e-05,1.405710811616076606e-09,1.892608452180866152e-05
1.408045879409458764e-09,2.533825318096205592e-05,1.408045879409458764e-09,1.884437369881197810e-05
1.410380947202841130e-09,1.174787485069828108e-05,1.410380947202841130e-09,1.880780291685368866e-05
1.412716014996223289e-09,1.999172673095017672e-05,1.412716014996223289e-09,1.877385329862590879e-05
1.415051082789605448e-09,1.973258440557401627e-05,1.415051082789605448e-09,1.870084633992519230e-05
1.417386150582987607e-09,1.648961006139870733e-05,1.417386150582987607e-09,1.856975177361164242e-05
1.419721218376369766e-09,1.986516508623026311e-05,1.419721218376369766e-09,1.839398828451521695e-05
1.422056286169751925e-09,1.266903836949495599e-05,1.422056286169751925e-09,1.821162186388392001e-05
1.424391353963134083e-09,2.332888834644109011e-05,1.424391353963134083e-09,1.806388718250673264e-05
1.426726421756516449e-09,1.526770211057737470e-05,1.426726421756516449e-09,1.797194272512570024e-05
1.429061489549898608e-09,1.716104816296137869e-05,1.429061489549898608e-09,1.792512557585723698e-05
1.431396557343280767e-09,1.724622779875062406e-05,1.431396557343280767e-09,1.788749978004489094e-05
1.433731625136662926e-09,1.628389327379409224e-05,1.433731625136662926e-09,1.781880928319878876e-05
1.436066692930045085e-09,2.158167808374855667e-05,1.436066692930045085e-09,1.769755363056901842e-05
1.438401760723427244e-09,1.134122794610448182e-05,1.438401760723427244e-09,1.753294236550573260e-05
1.440736828516809402e-09,2.012240111071150750e-05,1.440736828516809402e-09,1.735931436996906996e-05
1.443071896310191561e-09,1.530649933556560427e-05,1.443071896310191561e-09,1.721674743748735636e-05
1.445406964103573927e-09,1.882290416688192636e-05,1.445406964103573927e-09,1.712903031148016453e-05
1.447742031896956086e-09,1.590901229064911604e-05,1.447742031896956086e-09,1.709084608592092991e-05
1.450077099690338245e-09,1.316337147727608681e-05,1.450077099690338245e-09,1.707044975773897022e-05
1.452412167483720404e-09,2.199764639954082668e-05,1.452412167483720404e-09,1.702589906926732510e-05
1.454747235277102563e-09,1.187936777569120750e-05,1.454747235277102563e-09,1.692645673756487668e-05
1.457082303070484721e-09,2.056911034742370248e-05,1.457082303070484721e-09,1.676872125244699419e-05
1.459417370863866880e-09,1.024660741677507758e-05,1.459417370863866880e-09,1.657974098634440452e-05
1.461752438657249246e-09,2.112955553457140923e-05,1.461752438657249246e-09,1.640516529732849449e-05
1.464087506450631405e-09,1.499998688814230263e-05,1.464087506450631405e-09,1.628731115488335490e-05
1.466422574244013564e-09,1.418891861248994246e-05,1.466422574244013564e-09,1.624312244530301541e-05
1.468757642037395723e-09,1.767280264175496995e-05,1.468757642037395723e-09,1.625310142117086798e-05
1.471092709830777882e-09,1.232012982654850930e-05,1.471092709830777882e-09,1.626807716093026102e-05
1.473427777624160040e-09,2.234928069810848683e-05,1.473427777624160040e-09,1.623223579372279346e-05
1.475762845417542199e-09,8.194576366804540157e-06,1.475762845417542199e-09,1.611190236872062087e-05
1.478097913210924565e-09,2.002352084673475474e-05,1.478097913210924565e-09,1.591516593180131167e-05
1.480432981004306724e-09,1.253495065611787140e-05,1.480432981004306724e-09,1.569087908137589693e-05
1.482768048797688883e-09,1.833136411732994020e-05,1.482768048797688883e-09,1.550588240206707269e-05
1.485103116591071042e-09,1.394620085193309933e-05,1.485103116591071042e-09,1.541124584036879241e-05
1.487438184384453201e-09,1.239090943272458389e-05,1.487438184384453201e-09,1.541496385470964015e-05
1.489773252177835359e-09,1.922764749906491488e-05,1.489773252177835359e-09,1.547586725791916251e-05
1.492108319971217518e-09,1.236825482919812202e-05,1.492108319971217518e-09,1.552260800963267684e-05
1.494443387764599884e-09,1.722587148833554238e-05,1.494443387764599884e-09,1.548850559629499912e-05
