tag,theta_deg,refine,plane,frequency_Hz,native_s_params,diagnostic_magnitude,diagnostic_phase_deg,analytic_reported_angle_magnitude,analytic_reported_angle_phase_deg,analytic_normal_magnitude,analytic_normal_phase_deg,magnitude_error_db_at_angle,magnitude_error_db_at_normal,phase_error_deg_at_angle,phase_error_deg_at_normal
full_theta0_r1,0.0,1,source_plane,4000000000.0,None,0.6071862578392029,-3.904080629348755,0.5807025884298926,-21.429231639289984,0.5807025884298926,-21.429231639289984,0.38736343899132825,0.38736343899132825,17.52515088466338,17.52515088466338
full_theta0_r1,0.0,1,source_plane,4125000000.0,None,0.6258845925331116,-13.73641300201416,0.5852876192998608,-30.035627527296356,0.5852876192998608,-30.035627527296356,0.5824984622841388,0.5824984622841388,16.299213991553803,16.299213991553803
full_theta0_r1,0.0,1,source_plane,4250000000.0,None,0.6400549411773682,-23.847543716430664,0.5892305891148852,-38.62799299956749,0.5892305891148852,-38.62799299956749,0.718639401577092,0.718639401577092,14.780449548132633,14.780449548132633
full_theta0_r1,0.0,1,source_plane,4375000000.0,None,0.6479983329772949,-34.22328567504883,0.592544599053349,-47.20833868292012,0.592544599053349,-47.20833868292012,0.7770568932713269,0.7770568932713269,12.985059321950928,12.985059321950928
full_theta0_r1,0.0,1,source_plane,4500000000.0,None,0.6519138813018799,-44.62995147705078,0.5952407889492943,-55.77867360671647,0.5952407889492943,-55.77867360671647,0.7899508999268595,0.7899508999268595,11.148720986972798,11.148720986972798
full_theta0_r1,0.0,1,source_plane,4625000000.0,None,0.6502524018287659,-55.2694206237793,0.5973283062115685,-64.34100437488237,0.5973283062115685,-64.34100437488237,0.737377388482777,0.737377388482777,9.07159068880139,9.07159068880139
full_theta0_r1,0.0,1,source_plane,4750000000.0,None,0.6447807550430298,-65.74197387695312,0.5988142840279309,-72.89733494667621,0.5988142840279309,-72.89733494667621,0.6423983017324917,0.6423983017324917,7.155366367225187,7.155366367225187
full_theta0_r1,0.0,1,source_plane,4875000000.0,None,0.6348583102226257,-76.46212005615234,0.5997038266394056,-81.44966689265497,0.5997038266394056,-81.44966689265497,0.49479977598611125,0.49479977598611125,4.987550568322314,4.987550568322314
full_theta0_r1,0.0,1,source_plane,5000000000.0,None,0.6203979253768921,-86.78251647949219,0.5999999999999999,-89.99999999999999,0.5999999999999999,-89.99999999999999,0.2903817294178476,0.2903817294178476,3.2174814043541375,3.2174814043541375
full_theta0_r1,0.0,1,source_plane,5125000000.0,None,0.603423535823822,-97.30631256103516,0.5997038266394056,-98.55033310734501,0.5997038266394056,-98.55033310734501,0.053708505704628276,0.053708505704628276,1.244025601736249,1.244025601736249
full_theta0_r1,0.0,1,source_plane,5250000000.0,None,0.5804063677787781,-107.10247802734375,0.598814284027931,-107.10266505332372,0.598814284027931,-107.10266505332372,-0.2711996569916614,-0.2711996569916614,0.00019412907953843058,0.00019412907953843058
full_theta0_r1,0.0,1,source_plane,5375000000.0,None,0.5587097406387329,-116.87852478027344,0.5973283062115684,-115.65899562511754,0.5973283062115684,-115.65899562511754,-0.5805370521204011,-0.5805370521204011,-1.219524730987387,-1.219524730987387
full_theta0_r1,0.0,1,source_plane,5500000000.0,None,0.5299732685089111,-125.50128173828125,0.5952407889492942,-124.22132639328346,0.5952407889492942,-124.22132639328346,-1.0087743801205367,-1.0087743801205367,-1.279955823371966,-1.279955823371966
full_theta0_r1,0.0,1,source_plane,5625000000.0,None,0.5100530385971069,-133.66661071777344,0.5925445990533489,-132.79166131707973,0.5925445990533489,-132.79166131707973,-1.3021140954676322,-1.3021140954676322,-0.8749529204595611,-0.8749529204595611
full_theta0_r1,0.0,1,source_plane,5750000000.0,None,0.48431873321533203,-140.46371459960938,0.5892305891148854,-141.37200700043243,0.5892305891148854,-141.37200700043243,-1.7030803379586525,-1.7030803379586525,0.9082928038402797,0.9082928038402797
full_theta0_r1,0.0,1,source_plane,5875000000.0,None,0.4787198603153229,-146.57742309570312,0.5852876192998607,-149.96437247270353,0.5852876192998607,-149.96437247270353,-1.745757847424585,-1.745757847424585,3.3869612276310197,3.3869612276310197
full_theta0_r1,0.0,1,source_plane,6000000000.0,None,0.468017041683197,-152.20111083984375,0.5807025884298928,-158.5707683607099,0.5807025884298928,-158.5707683607099,-1.8738418948972724,-1.8738418948972724,6.369664849094023,6.369664849094023
full_theta0_r1,0.0,1,ahead_plane,4000000000.0,None,0.634758710861206,66.19982147216797,0.5807025884298928,50.57076836071002,0.5807025884298928,50.57076836071002,0.7730981517894946,0.7730981517894946,15.629046305627007,15.629046305627007
full_theta0_r1,0.0,1,ahead_plane,4125000000.0,None,0.6576029062271118,59.11409378051758,0.5852876192998607,44.21437247270363,0.5852876192998607,44.21437247270363,1.0118877274134739,1.0118877274134739,14.899719164193868,14.899719164193868
full_theta0_r1,0.0,1,ahead_plane,4250000000.0,None,0.6746347546577454,51.71156311035156,0.5892305891148852,37.87200700043252,0.5892305891148852,37.87200700043252,1.1756685217023748,1.1756685217023748,13.83955636553068,13.83955636553068
full_theta0_r1,0.0,1,ahead_plane,4375000000.0,None,0.6856879591941833,44.2598876953125,0.592544599053349,31.54166131707984,0.592544599053349,31.54166131707984,1.2681095857497147,1.2681095857497147,12.718221245360935,12.718221245360935
full_theta0_r1,0.0,1,ahead_plane,4500000000.0,None,0.691296398639679,36.67433547973633,0.5952407889492943,25.221326393283537,0.5952407889492943,25.221326393283537,1.2994322151533013,1.2994322151533013,11.453006921687212,11.453006921687212
full_theta0_r1,0.0,1,ahead_plane,4625000000.0,None,0.6908155083656311,29.126604080200195,0.5973283062115685,18.908995625117637,0.5973283062115685,18.908995625117637,1.2629796608641528,1.2629796608641528,10.217606612677818,10.217606612677818
full_theta0_r1,0.0,1,ahead_plane,4750000000.0,None,0.6854771375656128,21.563024520874023,0.598814284027931,12.602665053323767,0.598814284027931,12.602665053323767,1.1740164626440506,1.1740164626440506,8.960356487722088,8.960356487722088
full_theta0_r1,0.0,1,ahead_plane,4875000000.0,None,0.6740167737007141,14.067959785461426,0.5997038266394055,6.3003331073450415,0.5997038266394055,6.3003331073450415,1.0146776914128124,1.0146776914128124,7.767625157727523,7.767625157727523
full_theta0_r1,0.0,1,ahead_plane,5000000000.0,None,0.6580380797386169,6.7127275466918945,0.5999999999999999,9.823393017948828e-15,0.5999999999999999,9.823393017948828e-15,0.8019955193732359,0.8019955193732359,6.712727479068024,6.712727479068024
full_theta0_r1,0.0,1,ahead_plane,5125000000.0,None,0.6363184452056885,-0.5145891904830933,0.5997038266394055,-6.300333107345021,0.5997038266394055,-6.300333107345021,0.5147538490025854,0.5147538490025854,5.7857439701448445,5.7857439701448445
full_theta0_r1,0.0,1,ahead_plane,5250000000.0,None,0.6105243563652039,-7.3112311363220215,0.598814284027931,-12.602665053323712,0.598814284027931,-12.602665053323712,0.16821686110056544,0.16821686110056544,5.291434242254483,5.291434242254483
full_theta0_r1,0.0,1,ahead_plane,5375000000.0,None,0.5811036229133606,-13.810324668884277,0.5973283062115686,-18.908995625117544,0.5973283062115686,-18.908995625117544,-0.23919025042691788,-0.23919025042691788,5.098670947225622,5.098670947225622
full_theta0_r1,0.0,1,ahead_plane,5500000000.0,None,0.5494592785835266,-19.393474578857422,0.5952407889492942,-25.221326393283487,0.5952407889492942,-25.221326393283487,-0.6951434406988657,-0.6951434406988657,5.8278519910980995,5.8278519910980995
full_theta0_r1,0.0,1,ahead_plane,5625000000.0,None,0.5200924277305603,-24.44186019897461,0.5925445990533488,-31.541661317079782,0.5925445990533488,-31.541661317079782,-1.1328102646096343,-1.1328102646096343,7.09980364341122,7.09980364341122
full_theta0_r1,0.0,1,ahead_plane,5750000000.0,None,0.49291226267814636,-28.160280227661133,0.5892305891148854,-37.87200700043246,0.5892305891148854,-37.87200700043246,-1.550313237948796,-1.550313237948796,9.711727184075947,9.711727184075947
full_theta0_r1,0.0,1,ahead_plane,5875000000.0,None,0.477372944355011,-31.59317398071289,0.5852876192998607,-44.21437247270354,0.5852876192998607,-44.21437247270354,-1.7702307250896103,-1.7702307250896103,12.621199103139697,12.621199103139697
full_theta0_r1,0.0,1,ahead_plane,6000000000.0,None,0.466803640127182,-34.19990921020508,0.5807025884298929,-50.57076836070993,0.5807025884298929,-50.57076836070993,-1.8963905571729551,-1.8963905571729551,16.37086410996511,16.37086410996511
full_theta15_r1,15.0,1,source_plane,4000000000.0,None,0.5961543917655945,-4.060192584991455,0.5959416389228736,-13.794960793709617,0.5807025884298926,-21.429231639289984,0.00310033367129164,0.22809971615359417,9.734768430077485,17.369039275657848
full_theta15_r1,15.0,1,source_plane,4125000000.0,None,0.6155462861061096,-14.272748947143555,0.6006555719920185,-22.134114863760722,0.5852876192998608,-30.035627527296356,0.21270410345124796,0.43782755687666425,7.861367210155067,15.762879873690702
full_theta15_r1,15.0,1,source_plane,4250000000.0,None,0.630634069442749,-24.750368118286133,0.6047327535550588,-30.45831415130704,0.5892305891148852,-38.62799299956749,0.36427875805248505,0.5898428969340787,5.707951187902673,13.877630036163122
full_theta15_r1,15.0,1,source_plane,4375000000.0,None,0.6396695375442505,-35.469932556152344,0.6081876208035847,-38.7696134552147,0.592544599053349,-47.20833868292012,0.4383618599443261,0.664692504140723,3.2996781321883755,11.738403359893793
full_theta15_r1,15.0,1,source_plane,4500000000.0,None,0.6448599696159363,-46.17912292480469,0.6110325354468963,-47.07006157163058,0.5952407889492943,-55.77867360671647,0.46802165758261294,0.6954546966128548,0.8909395309893691,9.599551566075249
full_theta15_r1,15.0,1,source_plane,4625000000.0,None,0.6446477174758911,-57.07780456542969,0.613277762137053,-55.36170103058422,0.5973283062115685,-64.34100437488237,0.433304642380261,0.6621870737655295,-1.7160984663589682,7.263204877939186
full_theta15_r1,15.0,1,source_plane,4750000000.0,None,0.6407641172409058,-67.74799346923828,0.6149314547344537,-63.64656847158988,0.5988142840279309,-72.89733494667621,0.35742949624643683,0.5881206379229794,-4.101422004468361,5.1493444706179625
full_theta15_r1,15.0,1,source_plane,4875000000.0,None,0.632619321346283,-78.60682678222656,0.615999648028942,-71.92669552258435,0.5997038266394056,-81.44966689265497,0.2312397582050194,0.4641126379646743,-6.6801244070771055,2.842846962993523
full_theta15_r1,15.0,1,source_plane,5000000000.0,None,0.6200052499771118,-88.99827575683594,0.61648625308113,-80.2041100562959,0.5999999999999999,-89.99999999999999,0.04943940354066859,0.28488233153209314,-8.794157621613522,1.0017323220905678
full_theta15_r1,15.0,1,source_plane,5125000000.0,None,0.6050345301628113,-99.52587127685547,0.616393054860045,-88.48083770582586,0.5997038266394056,-98.55033310734501,-0.16155151117941163,0.07686682243741341,-11.045029883833246,-0.9755344823140968
full_theta15_r1,15.0,1,source_plane,5250000000.0,None,0.5839832425117493,-109.27239990234375,0.6157197113349426,-96.75890352669379,0.598814284027931,-107.10266505332372,-0.4596534389997614,-0.21783532493101163,-12.513491776353913,-2.169730249723994
full_theta15_r1,15.0,1,source_plane,5375000000.0,None,0.564265251159668,-118.93435668945312,0.6144637536411189,-105.04033369575552,0.5973283062115684,-115.65899562511754,-0.740259267609966,-0.49459578844249535,-13.894020602447343,-3.2753586730853343
full_theta15_r1,15.0,1,source_plane,5500000000.0,None,0.5373415350914001,-127.4241714477539,0.6126205873923625,-113.32715713820573,0.5952407889492942,-124.22132639328346,-1.138823513759145,-0.8888454390084373,-14.09701626170441,-3.2028470066266865
full_theta15_r1,15.0,1,source_plane,5625000000.0,None,0.5189924240112305,-135.40664672851562,0.6101834956672685,-121.62140697231438,0.5925445990533489,-132.79166131707973,-1.405988766414352,-1.1512005134151455,-13.785227834543496,-2.6149734897781416
full_theta15_r1,15.0,1,source_plane,5750000000.0,None,0.4945991337299347,-142.03790283203125,0.6071436446638488,-129.92512165763793,0.5892305891148854,-141.37200700043243,-1.7807620395838983,-1.520638663874817,-12.11276861533973,-0.6658832725452225
full_theta15_r1,15.0,1,source_plane,5875000000.0,None,0.48988083004951477,-147.94644165039062,0.6034900935071132,-138.24034572625024,0.5852876192998607,-149.96437247270353,-1.8115940073209686,-1.5455778492376901,-9.706082036371162,2.0179447100821273
full_theta15_r1,15.0,1,source_plane,6000000000.0,None,0.47996920347213745,-153.37442016601562,0.5992098102171673,-146.56912996816862,0.5807025884298928,-158.5707683607099,-1.9273108518340414,-1.6548077894507567,-6.805280705926287,5.196357686614987
full_theta15_r1,15.0,1,ahead_plane,4000000000.0,None,0.6307327151298523,68.22620391845703,0.5959416389228734,55.75169869910331,0.5807025884298928,50.57076836071002,0.49283253539267613,0.7178319178749739,12.474504102896026,17.655434441289312
full_theta15_r1,15.0,1,ahead_plane,4125000000.0,None,0.6526633501052856,60.99134826660156,0.6006555719920185,49.58587773820259,0.5852876192998607,44.21437247270363,0.7212743136339078,0.9463977670593269,11.405467778069228,16.776973043568187
full_theta15_r1,15.0,1,ahead_plane,4250000000.0,None,0.6688521504402161,53.415157318115234,0.6047327535550588,43.43501155980666,0.5892305891148852,37.87200700043252,0.8753327240355211,1.1008968629171134,9.980141289545665,15.543145848919814
full_theta15_r1,15.0,1,ahead_plane,4375000000.0,None,0.6791403293609619,45.768497467041016,0.6081876208035847,37.29704536504943,0.592544599053349,31.54166131707984,0.9584388951762319,1.1847695393726279,8.47144990818305,14.226833956152632
full_theta15_r1,15.0,1,ahead_plane,4500000000.0,None,0.6840300559997559,37.963863372802734,0.6110325354468962,31.169930357783915,0.5952407889492943,25.221326393283537,0.9802169853597709,1.2076500243900112,6.793934369874851,12.742538334375231
full_theta15_r1,15.0,1,ahead_plane,4625000000.0,None,0.6828581690788269,30.17939567565918,0.6132777621370531,25.051624007980696,0.5973283062115685,18.908995625117637,0.9334658421307183,1.162348273515987,5.12777147924473,11.270399862107787
full_theta15_r1,15.0,1,ahead_plane,4750000000.0,None,0.6768606901168823,22.361248016357422,0.6149314547344538,18.940089676125474,0.598814284027931,12.602665053323767,0.8334516786688456,1.0641428203453867,3.4211568678978383,9.758581490699546
full_theta15_r1,15.0,1,ahead_plane,4875000000.0,None,0.6647480130195618,14.599814414978027,0.6159996480289421,12.833295734281382,0.5997038266394055,6.3003331073450415,0.6615316770217005,0.894404556781358,1.766516829329058,8.299479456265399
full_theta15_r1,15.0,1,ahead_plane,5000000000.0,None,0.6481690406799316,6.971133232116699,0.61648625308113,6.729214309720247,0.5999999999999999,9.823393017948828e-15,0.4352977330028054,0.6707406609942299,0.24191855073996557,6.9711328604602025
full_theta15_r1,15.0,1,ahead_plane,5125000000.0,None,0.6258894205093384,-0.5347340106964111,0.616393054860045,0.6258197693406815,0.5997038266394055,-6.300333107345021,0.13279747939234732,0.3712158130091719,-1.1605537768005774,5.765599099885126
full_theta15_r1,15.0,1,ahead_plane,5250000000.0,None,0.5996300578117371,-7.602201461791992,0.6157197113349425,-5.478912942376882,0.598814284027931,-12.602665053323712,-0.2299932476101766,0.011824866458571856,-2.1232882202755263,5.000463890671304
full_theta15_r1,15.0,1,ahead_plane,5375000000.0,None,0.5698594450950623,-14.369543075561523,0.6144637536411188,-11.587010002288205,0.5973283062115686,-18.908995625117544,-0.6545703739942638,-0.40890689482679826,-2.782531065147943,4.5394545576814
full_theta15_r1,15.0,1,ahead_plane,5500000000.0,None,0.5379713177680969,-20.194826126098633,0.6126205873923625,-17.700500335587964,0.5952407889492942,-25.221326393283487,-1.1286493148054897,-0.8786712400547813,-2.494325912619264,5.026500145076255
full_theta15_r1,15.0,1,ahead_plane,5625000000.0,None,0.5085340738296509,-25.472057342529297,0.6101834956672684,-23.82141706054622,0.5925445990533488,-31.541661317079782,-1.5828079778495485,-1.3280197248503411,-1.6506395494437718,6.0696047070897885
full_theta15_r1,15.0,1,ahead_plane,5750000000.0,None,0.4813230037689209,-29.374191284179688,0.6071436446638488,-29.951798636719335,0.5892305891148854,-37.87200700043246,-2.0170967007628136,-1.756973325053732,0.577609117788296,8.497817481501421
full_theta15_r1,15.0,1,ahead_plane,5875000000.0,None,0.46597820520401,-32.9677619934082,0.6034900935071134,-36.093689596181285,0.5852876192998607,-44.21437247270354,-2.246090822348463,-1.9800746642651834,3.1259318664076665,11.246614742929916
full_theta15_r1,15.0,1,ahead_plane,6000000000.0,None,0.4556173086166382,-35.69568634033203,0.5992098102171672,-42.24914072894925,0.5807025884298929,-50.57076836070993,-2.379574013788065,-2.107070951404784,6.553454744356928,14.875082376117607
full_theta30_r1,30.0,1,source_plane,4000000000.0,None,0.5599286556243896,-4.604837894439697,0.6427192321630447,8.342084460775004,0.5807025884298926,-21.429231639289984,-1.1977720295299734,-0.3164213558674237,-12.946922365766069,16.824393734298916
full_theta30_r1,30.0,1,source_plane,4125000000.0,None,0.5817626714706421,-16.131515502929688,0.6477057150232554,0.7905543661615687,0.5852876192998608,-30.035627527296356,-0.9326375511947342,-0.052469719894605846,-16.92206890804551,13.90411298541242
full_theta30_r1,30.0,1,source_plane,4250000000.0,None,0.6002412438392639,-27.851715087890625,0.6520752732719194,-6.7432739074359,0.5892305891148852,-38.62799299956749,-0.7194379729682137,0.16081097662664715,-21.108439879525168,10.776279212606417
full_theta30_r1,30.0,1,source_plane,4375000000.0,None,0.6133944988250732,-39.70639419555664,0.6558464413958536,-14.261595755682535,0.592544599053349,-47.20833868292012,-0.5812457936960005,0.30037665554865167,-25.444797587095824,7.501945340141769
full_theta30_r1,30.0,1,source_plane,4500000000.0,None,0.6233474016189575,-51.37687301635742,0.6590353162039129,-21.7665833945576,0.5952407889492943,-55.77867360671647,-0.4835706916170447,0.40074939698734047,-29.610287903356063,4.401802308802797
full_theta30_r1,30.0,1,source_plane,4625000000.0,None,0.6284388303756714,-63.05758285522461,0.6616555765328309,-29.260387593763795,0.5973283062115685,-64.34100437488237,-0.4473793097969272,0.440998321287843,-33.79719813934058,1.2834186417779951
full_theta30_r1,30.0,1,source_plane,4750000000.0,None,0.6301688551902771,-74.27816772460938,0.663718505332439,-36.745140083424694,0.5988142840279309,-72.89733494667621,-0.4505398250844938,0.4432956771703766,-37.533025058728384,-1.3808301954768685
full_theta30_r1,30.0,1,source_plane,4875000000.0,None,0.6280590295791626,-85.47042083740234,0.6652330114649637,-44.22295649519677,0.5997038266394056,-81.44966689265497,-0.4994665729562587,0.4012728759484816,-41.24745936642535,-4.020748968967143
full_theta30_r1,30.0,1,source_plane,5000000000.0,None,0.6214605569839478,-95.968994140625,0.666205649148934,-51.695939715656294,0.5999999999999999,-89.99999999999999,-0.6038948213714354,0.3052463911302314,-44.27304871263646,-5.968988428292772
full_theta30_r1,30.0,1,source_plane,5125000000.0,None,0.6127415895462036,-106.38473510742188,0.6666406334964796,-59.166183543316684,0.5997038266394056,-98.55033310734501,-0.7322884530914082,0.18681077673752491,-47.218542768145305,-7.834393204116976
full_theta30_r1,30.0,1,source_plane,5250000000.0,None,0.5976302027702332,-115.8639144897461,0.6665398510495572,-66.63577655091648,0.598814284027931,-107.10266505332372,-0.9478716511562936,-0.017192276947461525,-49.22813044299319,-8.761241940585961
full_theta30_r1,30.0,1,source_plane,5375000000.0,None,0.5836756229400635,-125.0738754272461,0.6659028646322515,-74.10680606175534,0.5973283062115684,-115.65899562511754,-1.1447865536941926,-0.20083080202491416,-50.967059688884845,-9.414870125522654
full_theta30_r1,30.0,1,source_plane,5500000000.0,None,0.5619661808013916,-133.0751495361328,0.6647269122188432,-81.58136215288002,0.5952407889492942,-124.22132639328346,-1.458661631511813,-0.4996500636917819,-51.49376725456464,-8.853803014161203
full_theta30_r1,30.0,1,source_plane,5625000000.0,None,0.5479874014854431,-140.44871520996094,0.6630068998869421,-89.06154159888,0.5925445990533489,-132.79166131707973,-1.6549494834050151,-0.679009400212852,-51.387172310886,-7.657052592686245
full_theta30_r1,30.0,1,source_plane,5750000000.0,None,0.5273536443710327,-146.53916931152344,0.660735389297581,-96.54945166794286,0.5892305891148854,-141.37200700043243,-1.9585123364305266,-0.9636666588939037,-49.98971422058408,-5.167158888094505
full_theta30_r1,30.0,1,source_plane,5875000000.0,None,0.5249431729316711,-151.83079528808594,0.6579025805357736,-104.04721367662546,0.5852876192998607,-149.96437247270353,-1.9609859584001081,-0.9451409110915571,-47.783565828538826,-1.8664070324607556
full_theta30_r1,30.0,1,source_plane,6000000000.0,None,0.5171478986740112,-156.6776123046875,0.6544962915717015,-111.55696620148566,0.5807025884298928,-158.5707683607099,-2.0458485158147273,-1.006779950214324,-45.1206435803919,1.8931585788323246
full_theta30_r1,30.0,1,ahead_plane,4000000000.0,None,0.6201936602592468,74.82117462158203,0.6427192321630446,70.69591353325457,0.5807025884298928,50.57076836071002,-0.30987946137291106,0.5714712122896347,4.125260516943485,24.250405689488037
full_theta30_r1,30.0,1,ahead_plane,4125000000.0,None,0.6387414336204529,67.16053771972656,0.6477057150232554,65.09294059715613,0.5852876192998607,44.21437247270363,-0.12105280705063672,0.7591150242494932,2.0675955016661516,22.946163626118654
full_theta30_r1,30.0,1,ahead_plane,4250000000.0,None,0.6517374515533447,59.066383361816406,0.6520752732719193,59.50766948207368,0.5892305891148852,37.87200700043252,-0.004501079295628285,0.8757478702992316,-0.4412866376824713,21.19437584395869
full_theta30_r1,30.0,1,ahead_plane,4375000000.0,None,0.6590790748596191,50.816619873046875,0.6558464413958535,53.93790479234201,0.592544599053349,31.54166131707984,0.04270714002623863,0.9243295892708905,-3.1212888887824852,19.27495458647969
full_theta30_r1,30.0,1,ahead_plane,4500000000.0,None,0.6611790657043457,42.31382751464844,0.6590353162039129,48.381474311981925,0.5952407889492943,25.221326393283537,0.028208127699553984,0.9125282163039393,-6.067648151337541,17.092499767360845
full_theta30_r1,30.0,1,ahead_plane,4625000000.0,None,0.6573496460914612,33.756717681884766,0.6616555765328309,42.83622727129073,0.5973283062115685,18.908995625117637,-0.05671087395914942,0.8316667571256204,-9.079508614652344,14.847723031520752
full_theta30_r1,30.0,1,ahead_plane,4750000000.0,None,0.6488548517227173,25.091066360473633,0.6637185053324391,37.30003194014481,0.598814284027931,12.602665053323767,-0.19672740288838303,0.697108099366487,-12.20896776620877,12.488399120612277
full_theta30_r1,30.0,1,ahead_plane,4875000000.0,None,0.6343564391136169,16.4290828704834,0.6652330114649637,31.77077268688775,0.5997038266394055,6.3003331073450415,-0.41280879777690616,0.4879306511278359,-15.341690264170499,10.128749315372207
full_theta30_r1,30.0,1,ahead_plane,5000000000.0,None,0.615671694278717,7.864202976226807,0.6662056491489341,26.246346624943193,0.5999999999999999,9.823393017948828e-15,-0.6851824759766416,0.22395873652502485,-18.382143936082368,7.86420268886081
full_theta30_r1,30.0,1,ahead_plane,5125000000.0,None,0.5915490388870239,-0.6046684980392456,0.6666406334964796,20.7246599557978,0.5997038266394055,-6.300333107345021,-1.0380205687786574,-0.11892133894972257,-21.329328476905488,5.695664586237338
full_theta30_r1,30.0,1,ahead_plane,5250000000.0,None,0.5638961791992188,-8.615954399108887,0.6665398510495572,15.203624106712965,0.598814284027931,-12.602665053323712,-1.4525393631966779,-0.5218599889878456,-23.819578195732895,3.9867109643037804
full_theta30_r1,30.0,1,ahead_plane,5375000000.0,None,0.5332465171813965,-16.324522018432617,0.6659028646322513,9.681151754389072,0.5973283062115686,-18.908995625117544,-1.9296571115143761,-0.9857013598451032,-26.005673773994424,2.5844736055121964
full_theta30_r1,30.0,1,ahead_plane,5500000000.0,None,0.5009208917617798,-23.006139755249023,0.6647269122188434,4.155152821779403,0.5952407889492942,-25.221326393283487,-2.457482339426298,-1.4984707716062642,-27.161291515359256,2.2151876997036357
full_theta30_r1,30.0,1,ahead_plane,5625000000.0,None,0.47167542576789856,-29.09598731994629,0.6630068998869418,-1.3764694657055856,0.5925445990533488,-31.541661317079782,-2.957495959368121,-1.9815558761759595,-27.719515495552375,2.44567635582182
full_theta30_r1,30.0,1,ahead_plane,5750000000.0,None,0.44476091861724854,-33.65753173828125,0.6607353892975811,-6.915822376253478,0.5892305891148854,-37.87200700043246,-3.438018997766294,-2.4431733202296697,-26.741713430562992,4.214471193615984
full_theta30_r1,30.0,1,ahead_plane,5875000000.0,None,0.43040719628334045,-37.8165168762207,0.6579025805357736,-12.465027226421107,0.5852876192998607,-44.21437247270354,-3.68564131732944,-2.669796270020889,-25.351489046746355,6.397856199536074
full_theta30_r1,30.0,1,ahead_plane,6000000000.0,None,0.42100903391838074,-40.96665573120117,0.6544962915717014,-18.026222592766313,0.5807025884298929,-50.57076836070993,-3.8323155043254853,-2.793246938725085,-22.94043492060448,9.604110847339127
full_theta45_r1,45.0,1,source_plane,4000000000.0,None,0.4867439866065979,-5.892330646514893,0.7229670895546857,42.69495848258022,0.5807025884298926,-21.429231639289984,-3.436358665177939,-1.5330633411288654,-48.58728883722974,15.536901284640464
full_theta45_r1,45.0,1,source_plane,4125000000.0,None,0.5145058035850525,-20.43700408935547,0.7279651294591043,36.41491616184902,0.5852876192998608,-30.035627527296356,-3.0144059713720237,-1.1195811912796656,-56.85191882464246,9.598624864502925
full_theta45_r1,45.0,1,source_plane,4250000000.0,None,0.5419222712516785,-34.843833923339844,0.7323980481289036,30.156705042387728,0.5892305891148852,-38.62799299956749,-2.616203574829374,-0.7269657018753675,-65.00054025884559,3.7841577831096314
full_theta45_r1,45.0,1,source_plane,4375000000.0,None,0.5660702586174011,-48.95650863647461,0.736290581949873,23.917883612915617,0.592544599053349,-47.20833868292012,-2.283578154922067,-0.39701412683566895,-72.8743896144711,-1.7481673186353566
full_theta45_r1,45.0,1,source_plane,4500000000.0,None,0.588201642036438,-62.32652282714844,0.7396644005479653,17.696075370238734,0.5952407889492943,-55.77867360671647,-1.990169688050939,-0.10332902164875263,-80.0225946619825,-6.547845685027302
full_theta45_r1,45.0,1,source_plane,4625000000.0,None,0.6060190200805664,-75.17850494384766,0.7425382372479639,11.488962323310435,0.5973283062115685,-64.34100437488237,-1.7646513572744913,0.12546318484723656,-86.66746776986285,-10.837501071670046
full_theta45_r1,45.0,1,source_plane,4750000000.0,None,0.6201016306877136,-87.010009765625,0.7449280072694343,5.2942780702734895,0.5988142840279309,-72.89733494667621,-1.5930285891349145,0.3034144405169847,-92.30428192804303,-14.11266891109333
full_theta45_r1,45.0,1,source_plane,4875000000.0,None,0.6300971508026123,-98.33231353759766,0.7468469118989758,-0.8901994353442281,0.5997038266394056,-81.44966689265497,-1.4764814756303724,0.4294139156334493,-97.44210925578456,-16.88264179847382
full_theta45_r1,45.0,1,source_plane,5000000000.0,None,0.6345323920249939,-108.55233001708984,0.7483055274047621,-7.066655340409728,0.5999999999999999,-89.99999999999999,-1.432503120641666,0.48605093524068416,-101.48566742173541,-18.55232276214514
full_theta45_r1,45.0,1,source_plane,5125000000.0,None,0.6363084316253662,-118.31986236572266,0.7493118778489132,-13.237245502826172,0.5997038266394056,-98.55033310734501,-1.4198987780818115,0.514617160307498,-105.08260084412049,-19.769513239601658
full_theta45_r1,45.0,1,source_plane,5250000000.0,None,0.6305915117263794,-126.95658111572266,0.7498714912362394,-19.404104206854313,0.598814284027931,-107.10266505332372,-1.5047744464955586,0.4491193820729921,-107.55247066505136,-19.853909818581972
full_theta45_r1,45.0,1,source_plane,5375000000.0,None,0.6251442432403564,-135.0874481201172,0.7499874386406727,-25.569351945645426,0.5973283062115684,-115.65899562511754,-1.5814750661918038,0.39534281309155817,-109.51808362999107,-19.428439950518968
full_theta45_r1,45.0,1,source_plane,5500000000.0,None,0.6110617518424988,-142.03170776367188,0.7496603560956216,-31.735103242474125,0.5952407889492942,-124.22132639328346,-1.77558888165961,0.227848343136504,-110.29659417749806,-17.81037102668875
full_theta45_r1,45.0,1,source_plane,5625000000.0,None,0.6030759215354919,-148.25314331054688,0.7488884491411515,-37.90347448771236,0.5925445990533489,-132.79166131707973,-1.8809028588456178,0.15301890362800305,-110.34965558890026,-15.461468759532877
full_theta45_r1,45.0,1,source_plane,5750000000.0,None,0.5877955555915833,-153.35350036621094,0.7476674800068446,-44.0765917709455,0.5892305891148854,-141.37200700043243,-2.0896438664068704,-0.021179731720292222,-109.27689471429215,-11.981479484805217
full_theta45_r1,45.0,1,source_plane,5875000000.0,None,0.5881751179695129,-157.64208984375,0.7459907374909088,-50.25659868689578,0.5852876192998607,-149.96437247270353,-2.0645357375296354,0.04274621527895224,-107.38548378653879,-7.677710000731022
full_theta45_r1,45.0,1,source_plane,6000000000.0,None,0.5831301212310791,-161.5600128173828,0.743848989689826,-56.44566408995886,0.5807025884298928,-158.5707683607099,-2.1143860452539958,0.03623426701588711,-105.11434135644103,-2.9892370856899872
full_theta45_r1,45.0,1,ahead_plane,4000000000.0,None,0.6105771064758301,87.66411590576172,0.7229670895546855,93.60664672801164,0.5807025884298928,50.57076836071002,-1.4675602325356796,0.43573509151338946,-5.942537887472129,37.09334047982949
full_theta45_r1,45.0,1,ahead_plane,4125000000.0,None,0.621147632598877,79.47781372070312,0.7279651294591041,88.91759466495016,0.5852876192998607,44.21437247270363,-1.378314843649195,0.5165099364431629,-9.439781290881696,35.26344090136484
full_theta45_r1,45.0,1,ahead_plane,4250000000.0,None,0.6261955499649048,70.6320571899414,0.7323980481289037,84.25037380315861,0.5892305891148852,37.87200700043252,-1.3607440244791924,0.528493848474815,-13.618317995739162,32.76004880698693
full_theta45_r1,45.0,1,ahead_plane,4375000000.0,None,0.6258392333984375,61.39448928833008,0.7362905819498728,79.60254263135624,0.592544599053349,31.54166131707984,-1.4117292019088599,0.47483482617753675,-18.208056301405964,29.85282501287044
full_theta45_r1,45.0,1,ahead_plane,4500000000.0,None,0.6203896403312683,51.636226654052734,0.7396644005479653,74.9717246463491,0.5952407889492943,25.221326393283537,-1.527403597801712,0.3594370686004745,-23.3354981965003,26.414900056565262
full_theta45_r1,45.0,1,ahead_plane,4625000000.0,None,0.609302818775177,41.58493423461914,0.7425382372479639,70.35560185709053,0.5973283062115685,18.908995625117637,-1.717712708504643,0.1724018336170841,-28.770668079722103,22.675938152250794
full_theta45_r1,45.0,1,ahead_plane,4750000000.0,None,0.5940301418304443,31.178720474243164,0.7449280072694344,65.7519078617233,0.598814284027931,12.602665053323767,-1.9661164137966352,-0.06967338414473753,-34.57318914049473,18.576053667904795
full_theta45_r1,45.0,1,ahead_plane,4875000000.0,None,0.5733616352081299,20.578399658203125,0.7468469118989759,61.15842061377531,0.5997038266394055,6.3003331073450415,-2.296059190703273,-0.3901637994394488,-40.58002128030289,14.278066226127386
full_theta45_r1,45.0,1,ahead_plane,5000000000.0,None,0.5496281981468201,9.91939640045166,0.7483055274047621,56.57295496637954,0.5999999999999999,9.823393017948828e-15,-2.6801989498682746,-0.7616448939859254,-46.65355839725526,9.919396569124281
full_theta45_r1,45.0,1,ahead_plane,5125000000.0,None,0.521710216999054,-0.7676178812980652,0.7493118778489133,51.99335506163285,0.5997038266394055,-6.300333107345021,-3.1446655012777076,-1.2101495628883956,-52.76097291593681,5.532715253041051
full_theta45_r1,45.0,1,ahead_plane,5250000000.0,None,0.4919512867927551,-11.002134323120117,0.7498714912362394,47.41748661527441,0.598814284027931,-12.602665053323712,-3.6612948386290824,-1.7074010100605328,-58.41962069024183,1.6005309783562904
full_theta45_r1,45.0,1,ahead_plane,5375000000.0,None,0.4609982669353485,-20.962865829467773,0.7499874386406727,42.843229134153034,0.5973283062115686,-18.908995625117544,-4.227093936823319,-2.250276057539961,-63.80609480614077,-2.05387004687018
full_theta45_r1,45.0,1,ahead_plane,5500000000.0,None,0.429771363735199,-29.722610473632812,0.7496603560956216,38.26846809499406,0.5952407889492942,-25.221326393283487,-4.832541408157426,-2.829104183361312,-67.99108009355582,-4.501285605278288
full_theta45_r1,45.0,1,ahead_plane,5625000000.0,None,0.40321242809295654,-37.7822265625,0.7488884491411516,33.691087107425574,0.5925445990533488,-31.541661317079782,-5.377664446175182,-3.343742683701559,-71.47331244678524,-6.24056402227989
full_theta45_r1,45.0,1,ahead_plane,5750000000.0,None,0.37904831767082214,-43.96311569213867,0.7476674800068447,29.108960081862172,0.5892305891148854,-37.87200700043246,-5.900278357065666,-3.8318142223790854,-73.07207364709167,-6.091106564797043
full_theta45_r1,45.0,1,ahead_plane,5875000000.0,None,0.36855602264404297,-49.41667175292969,0.7459907374909089,24.519943423581623,0.5852876192998607,-44.21437247270354,-6.12459845311368,-4.017316500305092,-73.93661187334222,-5.20229597705706
full_theta45_r1,45.0,1,ahead_plane,6000000000.0,None,0.36253082752227783,-53.49226379394531,0.743848989689826,19.921868278188278,0.5807025884298929,-50.57076836070993,-6.2427967022966815,-4.0921763900268004,-73.4141269193754,-2.9214902804772067
full_theta0_r2,0.0,2,source_plane,4000000000.0,None,0.575027346611023,-7.605233192443848,0.5807025884298926,-21.429231639289984,0.5807025884298926,-21.429231639289984,-0.08530525832460688,-0.08530525832460688,13.82399888750585,13.82399888750585
full_theta0_r2,0.0,2,source_plane,4125000000.0,None,0.6007968783378601,-16.900114059448242,0.5852876192998608,-30.035627527296356,0.5852876192998608,-30.035627527296356,0.2271665993367872,0.2271665993367872,13.135513636439098,13.135513636439098
full_theta0_r2,0.0,2,source_plane,4250000000.0,None,0.6229879856109619,-26.608112335205078,0.5892305891148852,-38.62799299956749,0.5892305891148852,-38.62799299956749,0.4838877350855933,0.4838877350855933,12.01988306052722,12.01988306052722
full_theta0_r2,0.0,2,source_plane,4375000000.0,None,0.639785647392273,-36.701133728027344,0.592544599053349,-47.20833868292012,0.592544599053349,-47.20833868292012,0.6662689834742036,0.6662689834742036,10.5072077551778,10.5072077551778
full_theta0_r2,0.0,2,source_plane,4500000000.0,None,0.6524049639701843,-46.87270736694336,0.5952407889492943,-55.77867360671647,0.5952407889492943,-55.77867360671647,0.7964914633436546,0.7964914633436546,8.905964048731667,8.905964048731667
full_theta0_r2,0.0,2,source_plane,4625000000.0,None,0.6598877310752869,-57.32676696777344,0.5973283062115685,-64.34100437488237,0.5973283062115685,-64.34100437488237,0.8651391649485352,0.8651391649485352,7.014237765731981,7.014237765731981
full_theta0_r2,0.0,2,source_plane,4750000000.0,None,0.6630116105079651,-67.64196014404297,0.5988142840279309,-72.89733494667621,0.5988142840279309,-72.89733494667621,0.8845796469172797,0.8845796469172797,5.2553752888354435,5.2553752888354435
full_theta0_r2,0.0,2,source_plane,4875000000.0,None,0.6620893478393555,-78.24089050292969,0.5997038266394056,-81.44966689265497,0.5997038266394056,-81.44966689265497,0.8595956134586007,0.8595956134586007,3.2087821075957605,3.2087821075957605
full_theta0_r2,0.0,2,source_plane,5000000000.0,None,0.6558859944343567,-88.5240478515625,0.5999999999999999,-89.99999999999999,0.5999999999999999,-89.99999999999999,0.7735421368256269,0.7735421368256269,1.475955008498951,1.475955008498951
full_theta0_r2,0.0,2,source_plane,5125000000.0,None,0.647354245185852,-99.09737396240234,0.5997038266394056,-98.55033310734501,0.5997038266394056,-98.55033310734501,0.6641036062436381,0.6641036062436381,-0.547033676177089,-0.547033676177089
full_theta0_r2,0.0,2,source_plane,5250000000.0,None,0.6314901113510132,-109.17041015625,0.598814284027931,-107.10266505332372,0.598814284027931,-107.10266505332372,0.4614880567206104,0.4614880567206104,-2.067746656175672,-2.067746656175672
full_theta0_r2,0.0,2,source_plane,5375000000.0,None,0.6160413026809692,-119.43515014648438,0.5973283062115684,-115.65899562511754,0.5973283062115684,-115.65899562511754,0.26793469909546297,0.26793469909546297,-3.7761520586613746,-3.7761520586613746
full_theta0_r2,0.0,2,source_plane,5500000000.0,None,0.5904684066772461,-128.9817352294922,0.5952407889492942,-124.22132639328346,0.5952407889492942,-124.22132639328346,-0.06992036449263928,-0.06992036449263928,-4.760390628939365,-4.760390628939365
full_theta0_r2,0.0,2,source_plane,5625000000.0,None,0.5700564384460449,-138.37655639648438,0.5925445990533489,-132.79166131707973,0.5925445990533489,-132.79166131707973,-0.3360637764351793,-0.3360637764351793,-5.584892061970672,-5.584892061970672
full_theta0_r2,0.0,2,source_plane,5750000000.0,None,0.5374993681907654,-146.83412170410156,0.5892305891148854,-141.37200700043243,0.5892305891148854,-141.37200700043243,-0.7981465295754591,-0.7981465295754591,-5.462110778851605,-5.462110778851605
full_theta0_r2,0.0,2,source_plane,5875000000.0,None,0.5183523297309875,-154.47711181640625,0.5852876192998607,-149.96437247270353,0.5852876192998607,-149.96437247270353,-1.0548856537654039,-1.0548856537654039,-4.512733693523871,-4.512733693523871
full_theta0_r2,0.0,2,source_plane,6000000000.0,None,0.48764410614967346,-161.2928466796875,0.5807025884298928,-158.5707683607099,0.5807025884298928,-158.5707683607099,-1.517015646592537,-1.517015646592537,-2.7220603804244092,-2.7220603804244092
full_theta0_r2,0.0,2,ahead_plane,4000000000.0,None,0.5893868207931519,63.46744918823242,0.5807025884298928,50.57076836071002,0.5807025884298928,50.57076836071002,0.12893317100068835,0.12893317100068835,12.896677926298661,12.896677926298661
full_theta0_r2,0.0,2,ahead_plane,4125000000.0,None,0.6172136664390564,56.713294982910156,0.5852876192998607,44.21437247270363,0.5852876192998607,44.21437247270363,0.46132392428928076,0.46132392428928076,12.498919442537728,12.498919442537728
full_theta0_r2,0.0,2,ahead_plane,4250000000.0,None,0.6405636072158813,49.462886810302734,0.5892305891148852,37.87200700043252,0.5892305891148852,37.87200700043252,0.7255395316916464,0.7255395316916464,11.59087916005278,11.59087916005278
full_theta0_r2,0.0,2,ahead_plane,4375000000.0,None,0.6588394641876221,42.00742721557617,0.592544599053349,31.54166131707984,0.592544599053349,31.54166131707984,0.9211712273322148,0.9211712273322148,10.465764081380922,10.465764081380922
full_theta0_r2,0.0,2,ahead_plane,4500000000.0,None,0.6720833778381348,34.32938003540039,0.5952407889492943,25.221326393283537,0.5952407889492943,25.221326393283537,1.0546094158983417,1.0546094158983417,9.108051104038871,9.108051104038871
full_theta0_r2,0.0,2,ahead_plane,4625000000.0,None,0.6799212694168091,26.59796142578125,0.5973283062115685,18.908995625117637,0.5973283062115685,18.908995625117637,1.1249106293692028,1.1249106293692028,7.688963192205621,7.688963192205621
full_theta0_r2,0.0,2,ahead_plane,4750000000.0,None,0.6830142140388489,18.794322967529297,0.598814284027931,12.602665053323767,0.598814284027931,12.602665053323767,1.142751807572968,1.142751807572968,6.191656182170038,6.191656182170038
full_theta0_r2,0.0,2,ahead_plane,4875000000.0,None,0.6808394193649292,10.977910041809082,0.5997038266394055,6.3003331073450415,0.5997038266394055,6.3003331073450415,1.102157452742688,1.102157452742688,4.6775761426178395,4.6775761426178395
full_theta0_r2,0.0,2,ahead_plane,5000000000.0,None,0.6740036606788635,3.207066297531128,0.5999999999999999,9.823393017948828e-15,0.5999999999999999,9.823393017948828e-15,1.0102200983543888,1.0102200983543888,3.207066047896536,3.207066047896536
full_theta0_r2,0.0,2,ahead_plane,5125000000.0,None,0.6622366309165955,-4.566023826599121,0.5997038266394055,-6.300333107345021,0.5997038266394055,-6.300333107345021,0.8615275918087326,0.8615275918087326,1.7343092412837735,1.7343092412837735
full_theta0_r2,0.0,2,ahead_plane,5250000000.0,None,0.6453664302825928,-12.132802963256836,0.598814284027931,-12.602665053323712,0.598814284027931,-12.602665053323712,0.6502843955083054,0.6502843955083054,0.46986226248272633,0.46986226248272633
full_theta0_r2,0.0,2,ahead_plane,5375000000.0,None,0.6245815753936768,-19.640199661254883,0.5973283062115686,-18.908995625117544,0.5973283062115686,-18.908995625117544,0.38752146367793294,0.38752146367793294,-0.7312043909345424,-0.7312043909345424
full_theta0_r2,0.0,2,ahead_plane,5500000000.0,None,0.5980419516563416,-26.666824340820312,0.5952407889492942,-25.221326393283487,0.5952407889492942,-25.221326393283487,0.040779329148105684,0.040779329148105684,-1.4454961235865835,-1.4454961235865835
full_theta0_r2,0.0,2,ahead_plane,5625000000.0,None,0.5705711841583252,-33.425575256347656,0.5925445990533488,-31.541661317079782,0.5925445990533488,-31.541661317079782,-0.32822418941581005,-0.32822418941581005,-1.8839136226074809,-1.8839136226074809
full_theta0_r2,0.0,2,ahead_plane,5750000000.0,None,0.5376756191253662,-39.285587310791016,0.5892305891148854,-37.87200700043246,0.5892305891148854,-37.87200700043246,-0.7952988141834134,-0.7952988141834134,-1.4135813571946254,-1.4135813571946254
full_theta0_r2,0.0,2,ahead_plane,5875000000.0,None,0.5107161998748779,-44.51663589477539,0.5852876192998607,-44.21437247270354,0.5852876192998607,-44.21437247270354,-1.1837940727852945,-1.1837940727852945,-0.30225841577431334,-0.30225841577431334
full_theta0_r2,0.0,2,ahead_plane,6000000000.0,None,0.4808432459831238,-48.563697814941406,0.5807025884298929,-50.57076836070993,0.5807025884298929,-50.57076836070993,-1.6390048325097086,-1.6390048325097086,2.0070758063092655,2.0070758063092655
full_theta30_r2,30.0,2,source_plane,4000000000.0,None,0.5254457592964172,-9.012031555175781,0.6427192321630447,8.342084460775004,0.5807025884298926,-21.429231639289984,-1.7498680842610934,-0.8685174105985438,-17.354115563525923,12.417200536539063
full_theta30_r2,30.0,2,source_plane,4125000000.0,None,0.5553865432739258,-19.895740509033203,0.6477057150232554,0.7905543661615687,0.5852876192998608,-30.035627527296356,-1.3356475249925204,-0.45547969369239194,-20.68629246549877,10.139889427959162
full_theta30_r2,30.0,2,source_plane,4250000000.0,None,0.5829091668128967,-31.097110748291016,0.6520752732719194,-6.7432739074359,0.5892305891148852,-38.62799299956749,-0.9739369394945341,-0.09368798989967256,-24.353835520815196,7.5308835713163935
full_theta30_r2,30.0,2,source_plane,4375000000.0,None,0.6058772802352905,-42.54872131347656,0.6558464413958536,-14.261595755682535,0.592544599053349,-47.20833868292012,-0.6883499840779759,0.19327246516667718,-28.287123328069136,4.659619599168455
full_theta30_r2,30.0,2,source_plane,4500000000.0,None,0.6252380609512329,-53.85919189453125,0.6590353162039129,-21.7665833945576,0.5952407889492943,-55.77867360671647,-0.45726561063195026,0.4270544779724347,-32.09260497935084,1.9194852328080239
full_theta30_r2,30.0,2,source_plane,4625000000.0,None,0.6399064660072327,-65.22784423828125,0.6616555765328309,-29.260387593763795,0.5973283062115685,-64.34100437488237,-0.2903095715969401,0.5980680594878295,-35.96744912101168,-0.8868323398931023
full_theta30_r2,30.0,2,source_plane,4750000000.0,None,0.6502925753593445,-76.1720962524414,0.663718505332439,-36.745140083424694,0.5988142840279309,-72.89733494667621,-0.1775026195027675,0.7163328827521022,-39.426953301022586,-3.2747584377710726
full_theta30_r2,30.0,2,source_plane,4875000000.0,None,0.6569075584411621,-87.12738037109375,0.6652330114649637,-44.22295649519677,0.5997038266394056,-81.44966689265497,-0.1093906708681598,0.7913487780365795,-42.904423743524,-5.677713346065788
full_theta30_r2,30.0,2,source_plane,5000000000.0,None,0.6580315828323364,-97.4850082397461,0.666205649148934,-51.695939715656294,0.5999999999999999,-89.99999999999999,-0.1072314506115584,0.8019097618901085,-45.7890678303431,-7.485007545999402
full_theta30_r2,30.0,2,source_plane,5125000000.0,None,0.6569957137107849,-107.84872436523438,0.6666406334964796,-59.166183543316684,0.5997038266394056,-98.55033310734501,-0.12658490641266523,0.792514323416267,-48.682536425614856,-9.298386861586538
full_theta30_r2,30.0,2,source_plane,5250000000.0,None,0.6483295559883118,-117.49712371826172,0.6665398510495572,-66.63577655091648,0.598814284027931,-107.10266505332372,-0.24060598941133632,0.6900733847974974,-50.86133845848661,-10.394449956079377
full_theta30_r2,30.0,2,source_plane,5375000000.0,None,0.6399449706077576,-127.07794952392578,0.6659028646322515,-74.10680606175534,0.5973283062115684,-115.65899562511754,-0.34536505853624394,0.5985906931330338,-52.97114254579506,-11.41895298243287
full_theta30_r2,30.0,2,source_plane,5500000000.0,None,0.6211844682693481,-135.83811950683594,0.6647269122188432,-81.58136215288002,0.5952407889492942,-124.22132639328346,-0.5884534736654474,0.3705580941545834,-54.25675202037815,-11.616787779974718
full_theta30_r2,30.0,2,source_plane,5625000000.0,None,0.6067654490470886,-144.2598876953125,0.6630068998869421,-89.06154159888,0.5925445990533489,-132.79166131707973,-0.7699441052010756,0.20599597799108746,-55.198347782724134,-11.468228064524382
full_theta30_r2,30.0,2,source_plane,5750000000.0,None,0.5800268054008484,-151.76609802246094,0.660735389297581,-96.54945166794286,0.5892305891148854,-141.37200700043243,-1.1315900780833652,-0.1367444005467419,-55.21664099867014,-10.39408566618056
full_theta30_r2,30.0,2,source_plane,5875000000.0,None,0.5649200081825256,-158.402587890625,0.6579025805357736,-104.04721367662546,0.5852876192998607,-149.96437247270353,-1.323492662621787,-0.3076476153132367,-54.35537142049333,-8.438212624415259
full_theta30_r2,30.0,2,source_plane,6000000000.0,None,0.5382429957389832,-164.28866577148438,0.6544962915717015,-111.55696620148566,0.5807025884298928,-158.5707683607099,-1.6985760634589724,-0.6595074978585681,-52.73170275949902,-5.717900600274796
full_theta30_r2,30.0,2,ahead_plane,4000000000.0,None,0.5713879466056824,72.25213623046875,0.6427192321630446,70.69591353325457,0.5807025884298928,50.57076836071002,-1.0218044164438467,-0.14045374278130104,1.5562139563640365,21.68135912890859
full_theta30_r2,30.0,2,ahead_plane,4125000000.0,None,0.5949699878692627,64.81768035888672,0.6477057150232554,65.09294059715613,0.5852876192998607,44.21437247270363,-0.7376533988347046,0.14251443246542506,-0.2752636851688728,20.60330443928363
full_theta30_r2,30.0,2,ahead_plane,4250000000.0,None,0.6143789887428284,56.77560806274414,0.6520752732719193,59.50766948207368,0.5892305891148852,37.87200700043252,-0.5172275457580292,0.36302140383683074,-2.73206229783574,18.903600183805416
full_theta30_r2,30.0,2,ahead_plane,4375000000.0,None,0.6291819214820862,48.42375183105469,0.6558464413958535,53.93790479234201,0.592544599053349,31.54166131707984,-0.3605186206165433,0.5211038286281092,-5.514154705236719,16.882088770025454
full_theta30_r2,30.0,2,ahead_plane,4500000000.0,None,0.6393600106239319,39.73308181762695,0.6590353162039129,48.381474311981925,0.5952407889492943,25.221326393283537,-0.2632643728989886,0.6210557157053966,-8.648391124350733,14.511756794347654
full_theta30_r2,30.0,2,ahead_plane,4625000000.0,None,0.644534170627594,30.895723342895508,0.6616555765328309,42.83622727129073,0.5973283062115685,18.908995625117637,-0.22772060580147666,0.6606570252832932,-11.940506896439096,11.986724749734002
full_theta30_r2,30.0,2,ahead_plane,4750000000.0,None,0.6453555822372437,21.897294998168945,0.6637185053324391,37.30003194014481,0.598814284027931,12.602665053323767,-0.2436971101830585,0.6501383920718105,-15.40273708485426,9.294629801966787
full_theta30_r2,30.0,2,ahead_plane,4875000000.0,None,0.6412525773048401,12.82136344909668,0.6652330114649637,31.77077268688775,0.5997038266394055,6.3003331073450415,-0.31889337691681563,0.581846071987926,-18.949410987020098,6.521028592522607
full_theta30_r2,30.0,2,ahead_plane,5000000000.0,None,0.6329097151756287,3.7521324157714844,0.6662056491489341,26.246346624943193,0.5999999999999999,9.823393017948828e-15,-0.44533097709652186,0.4638102354051455,-22.49421443803723,3.752132186905953
full_theta30_r2,30.0,2,ahead_plane,5125000000.0,None,0.6200796365737915,-5.348084449768066,0.6666406334964796,20.7246599557978,0.5997038266394055,-6.300333107345021,-0.6288862435453308,0.2902129862836035,-26.072743888086972,0.9522491750558486
full_theta30_r2,30.0,2,ahead_plane,5250000000.0,None,0.6026411652565002,-14.220096588134766,0.6665398510495572,15.203624106712965,0.598814284027931,-12.602665053323712,-0.875346518643006,0.055332855565826136,-29.42371994416489,-1.6174307841282045
full_theta30_r2,30.0,2,ahead_plane,5375000000.0,None,0.5819953083992004,-23.022722244262695,0.6659028646322513,9.681151754389072,0.5973283062115686,-18.908995625117544,-1.1698279892758865,-0.22587223760661276,-32.70387307917831,-4.113725699671688
full_theta30_r2,30.0,2,ahead_plane,5500000000.0,None,0.5560834407806396,-31.268739700317383,0.6647269122188434,4.155152821779403,0.5952407889492942,-25.221326393283487,-1.5500659862770156,-0.5910544184569818,-35.42389257395271,-6.047413358889827
full_theta30_r2,30.0,2,ahead_plane,5625000000.0,None,0.5301650166511536,-39.192710876464844,0.6630068998869418,-1.3764694657055856,0.5925445990533488,-31.541661317079782,-1.9421396205786614,-0.9661995373865001,-37.81624087728038,-7.651049025906185
full_theta30_r2,30.0,2,ahead_plane,5750000000.0,None,0.49899962544441223,-46.11576843261719,0.6607353892975811,-6.915822376253478,0.5892305891148854,-37.87200700043246,-2.4385469762225545,-1.4437012986859308,-39.19993969964559,-8.243755075466604
full_theta30_r2,30.0,2,ahead_plane,5875000000.0,None,0.47451621294021606,-52.28029251098633,0.6579025805357736,-12.465027226421107,0.5852876192998607,-44.21437247270354,-2.838210683485187,-1.8223656361766354,-39.815270107864094,-8.065924861581662
full_theta30_r2,30.0,2,ahead_plane,6000000000.0,None,0.44671210646629333,-57.16158676147461,0.6544962915717014,-18.026222592766313,0.5807025884298929,-50.57076836070993,-3.317589351645926,-2.2785207860455254,-39.135359910820966,-6.590814142877358
full_theta0_r4,0.0,4,source_plane,4000000000.0,None,0.5577495098114014,-9.980189323425293,0.5807025884298926,-21.429231639289984,0.5807025884298926,-21.429231639289984,-0.3502912919654682,-0.3502912919654682,11.449042347223648,11.449042347223648
full_theta0_r4,0.0,4,source_plane,4125000000.0,None,0.5859912037849426,-18.862245559692383,0.5852876192998608,-30.035627527296356,0.5852876192998608,-30.035627527296356,0.010435188962841615,0.010435188962841615,11.173383167471274,11.173383167471274
full_theta0_r4,0.0,4,source_plane,4250000000.0,None,0.6115187406539917,-28.246051788330078,0.5892305891148852,-38.62799299956749,0.5892305891148852,-38.62799299956749,0.32248972860366776,0.32248972860366776,10.381943637023182,10.381943637023182
full_theta0_r4,0.0,4,source_plane,4375000000.0,None,0.6323397159576416,-38.09722137451172,0.592544599053349,-47.20833868292012,0.592544599053349,-47.20833868292012,0.5645883171813689,0.5645883171813689,9.11111982609548,9.11111982609548
full_theta0_r4,0.0,4,source_plane,4500000000.0,None,0.6490280032157898,-48.072181701660156,0.5952407889492943,-55.77867360671647,0.5952407889492943,-55.77867360671647,0.7514150360590643,0.7514150360590643,7.706495695363609,7.706495695363609
full_theta0_r4,0.0,4,source_plane,4625000000.0,None,0.6608693599700928,-58.36495590209961,0.5973283062115685,-64.34100437488237,0.5973283062115685,-64.34100437488237,0.8780504290615048,0.8780504290615048,5.976051706572021,5.976051706572021
full_theta0_r4,0.0,4,source_plane,4750000000.0,None,0.6680569052696228,-68.54164123535156,0.5988142840279309,-72.89733494667621,0.5988142840279309,-72.89733494667621,0.9504261196485486,0.9504261196485486,4.355697382675994,4.355697382675994
full_theta0_r4,0.0,4,source_plane,4875000000.0,None,0.671419084072113,-79.01449584960938,0.5997038266394056,-81.44966689265497,0.5997038266394056,-81.44966689265497,0.9811372244563048,0.9811372244563048,2.4351698850870633,2.4351698850870633
full_theta0_r4,0.0,4,source_plane,5000000000.0,None,0.6691176891326904,-89.20398712158203,0.5999999999999999,-89.99999999999999,0.5999999999999999,-89.99999999999999,0.9470252175101197,0.9470252175101197,0.7960193452835959,0.7960193452835959
full_theta0_r4,0.0,4,source_plane,5125000000.0,None,0.6647101640701294,-99.70027160644531,0.5997038266394056,-98.55033310734501,0.5997038266394056,-98.55033310734501,0.8939099916969617,0.8939099916969617,-1.1499325871428896,-1.1499325871428896
full_theta0_r4,0.0,4,source_plane,5250000000.0,None,0.6525441408157349,-109.772216796875,0.598814284027931,-107.10266505332372,0.598814284027931,-107.10266505332372,0.746354862167258,0.746354862167258,-2.6695519500230764,-2.6695519500230764
full_theta0_r4,0.0,4,source_plane,5375000000.0,None,0.6408354640007019,-120.09123229980469,0.5973283062115684,-115.65899562511754,0.5973283062115684,-115.65899562511754,0.6106688423175087,0.6106688423175087,-4.432226739204673,-4.432226739204673
full_theta0_r4,0.0,4,source_plane,5500000000.0,None,0.6182652115821838,-129.85134887695312,0.5952407889492942,-124.22132639328346,0.5952407889492942,-124.22132639328346,0.3296425350815455,0.3296425350815455,-5.630010154934741,-5.630010154934741
full_theta0_r4,0.0,4,source_plane,5625000000.0,None,0.6001505255699158,-139.5927276611328,0.5925445990533489,-132.79166131707973,0.5925445990533489,-132.79166131707973,0.11078293610414369,0.11078293610414369,-6.801054556768707,-6.801054556768707
full_theta0_r4,0.0,4,source_plane,5750000000.0,None,0.5680879354476929,-148.65650939941406,0.5892305891148854,-141.37200700043243,0.5892305891148854,-141.37200700043243,-0.31739436720144404,-0.31739436720144404,-7.284498639508702,-7.284498639508702
full_theta0_r4,0.0,4,source_plane,5875000000.0,None,0.5470280051231384,-157.07366943359375,0.5852876192998607,-149.96437247270353,0.5852876192998607,-149.96437247270353,-0.5871955373948888,-0.5871955373948888,-7.109291392001129,-7.109291392001129
full_theta0_r4,0.0,4,source_plane,6000000000.0,None,0.5110064148902893,-164.8575897216797,0.5807025884298928,-158.5707683607099,0.5807025884298928,-158.5707683607099,-1.1105481961238883,-1.1105481961238883,-6.286813653285441,-6.286813653285441
full_theta0_r4,0.0,4,ahead_plane,4000000000.0,None,0.5650503635406494,61.56056213378906,0.5807025884298928,50.57076836071002,0.5807025884298928,50.57076836071002,-0.23733206384350172,-0.23733206384350172,10.989794641716097,10.989794641716097
full_theta0_r4,0.0,4,ahead_plane,4125000000.0,None,0.5944060683250427,55.103363037109375,0.5852876192998607,44.21437247270363,0.5852876192998607,44.21437247270363,0.13427794028556933,0.13427794028556933,10.888987987427456,10.888987987427456
full_theta0_r4,0.0,4,ahead_plane,4250000000.0,None,0.6203513145446777,48.04150390625,0.5892305891148852,37.87200700043252,0.5892305891148852,37.87200700043252,0.44704844556669,0.44704844556669,10.16949689403236,10.16949689403236
full_theta0_r4,0.0,4,ahead_plane,4375000000.0,None,0.6419493556022644,40.675010681152344,0.592544599053349,31.54166131707984,0.592544599053349,31.54166131707984,0.6955944657764277,0.6955944657764277,9.13334620769803,9.13334620769803
full_theta0_r4,0.0,4,ahead_plane,4500000000.0,None,0.6588691473007202,33.026145935058594,0.5952407889492943,25.221326393283537,0.5952407889492943,25.221326393283537,0.8821297556902372,0.8821297556902372,7.804821878634569,7.804821878634569
full_theta0_r4,0.0,4,ahead_plane,4625000000.0,None,0.6708005666732788,25.270479202270508,0.5973283062115685,18.908995625117637,0.5973283062115685,18.908995625117637,1.007606504385802,1.007606504385802,6.361483875644652,6.361483875644652
full_theta0_r4,0.0,4,ahead_plane,4750000000.0,None,0.678053081035614,17.413707733154297,0.598814284027931,12.602665053323767,0.598814284027931,12.602665053323767,1.0794308465206692,1.0794308465206692,4.8110398571241975,4.8110398571241975
full_theta0_r4,0.0,4,ahead_plane,4875000000.0,None,0.6804847121238708,9.514801025390625,0.5997038266394055,6.3003331073450415,0.5997038266394055,6.3003331073450415,1.0976310538519125,1.0976310538519125,3.214467420593788,3.214467420593788
full_theta0_r4,0.0,4,ahead_plane,5000000000.0,None,0.6782142519950867,1.6325613260269165,0.5999999999999999,9.823393017948828e-15,0.5999999999999999,9.823393017948828e-15,1.0643132283813383,1.0643132283813383,1.632561389877538,1.632561389877538
full_theta0_r4,0.0,4,ahead_plane,5125000000.0,None,0.6715636849403381,-6.280454635620117,0.5997038266394055,-6.300333107345021,0.5997038266394055,-6.300333107345021,0.9830076686895545,0.9830076686895545,0.019878679665224285,0.019878679665224285
full_theta0_r4,0.0,4,ahead_plane,5250000000.0,None,0.6596091389656067,-14.054198265075684,0.598814284027931,-12.602665053323712,0.598814284027931,-12.602665053323712,0.839890256524236,0.839890256524236,-1.4515313946192427,-1.4515313946192427
full_theta0_r4,0.0,4,ahead_plane,5375000000.0,None,0.6441745758056641,-21.823532104492188,0.5973283062115686,-18.908995625117544,0.5973283062115686,-18.908995625117544,0.6558096910389786,0.6558096910389786,-2.9145347853387467,-2.9145347853387467
full_theta0_r4,0.0,4,ahead_plane,5500000000.0,None,0.6222425699234009,-29.27090835571289,0.5952407889492942,-25.221326393283487,0.5952407889492942,-25.221326393283487,0.3853407169045082,0.3853407169045082,-4.049582526022606,-4.049582526022606
full_theta0_r4,0.0,4,ahead_plane,5625000000.0,None,0.5990224480628967,-36.55722427368164,0.5925445990533488,-31.541661317079782,0.5925445990533488,-31.541661317079782,0.09444107411272526,0.09444107411272526,-5.015560065812563,-5.015560065812563
full_theta0_r4,0.0,4,ahead_plane,5750000000.0,None,0.5682287216186523,-43.23727798461914,0.5892305891148854,-37.87200700043246,0.5892305891148854,-37.87200700043246,-0.31524205667748545,-0.31524205667748545,-5.36526666497417,-5.36526666497417
full_theta0_r4,0.0,4,ahead_plane,5875000000.0,None,0.541209876537323,-49.375335693359375,0.5852876192998607,-44.21437247270354,0.5852876192998607,-44.21437247270354,-0.680072481223631,-0.680072481223631,-5.160961385447053,-5.160961385447053
full_theta0_r4,0.0,4,ahead_plane,6000000000.0,None,0.5071552395820618,-54.60663986206055,0.5807025884298929,-50.57076836070993,0.5807025884298929,-50.57076836070993,-1.1762569037489825,-1.1762569037489825,-4.035869002533289,-4.035869002533289
full_theta30_r4,30.0,4,source_plane,4000000000.0,None,0.507188081741333,-11.857625007629395,0.6427192321630447,8.342084460775004,0.5807025884298926,-21.429231639289984,-2.057045118202682,-1.1756944445401323,-20.199709819289257,9.571606280775725
full_theta30_r4,30.0,4,source_plane,4125000000.0,None,0.5400174856185913,-22.23927116394043,0.6477057150232554,0.7905543661615687,0.5852876192998608,-30.035627527296356,-1.5793981335089553,-0.699230302208827,-23.029824330482434,7.796357562975495
full_theta30_r4,30.0,4,source_plane,4250000000.0,None,0.5712907314300537,-33.030574798583984,0.6520752732719194,-6.7432739074359,0.5892305891148852,-38.62799299956749,-1.1488110777554779,-0.2685621281606161,-26.287299206774023,5.597419885357568
full_theta30_r4,30.0,4,source_plane,4375000000.0,None,0.5986859798431396,-44.16019058227539,0.6558464413958536,-14.261595755682535,0.592544599053349,-47.20833868292012,-0.7920615710666244,0.08956087817802862,-29.89859685666351,3.0481460705740773
full_theta30_r4,30.0,4,source_plane,4500000000.0,None,0.6224166750907898,-55.20005798339844,0.6590353162039129,-21.7665833945576,0.5952407889492943,-55.77867360671647,-0.49654937604399385,0.38777071256039086,-33.43346977520764,0.5786204369512222
full_theta30_r4,30.0,4,source_plane,4625000000.0,None,0.6416338682174683,-66.33928680419922,0.6616555765328309,-29.260387593763795,0.5973283062115685,-64.34100437488237,-0.26689394643911074,0.6214836846456607,-37.078891389675114,-1.9982746085565364
full_theta30_r4,30.0,4,source_plane,4750000000.0,None,0.6561084389686584,-77.08712768554688,0.663718505332439,-36.745140083424694,0.5988142840279309,-72.89733494667621,-0.10016605495511985,0.7936694472997502,-40.341981634148205,-4.189786770896688
full_theta30_r4,30.0,4,source_plane,4875000000.0,None,0.6668757796287537,-87.865234375,0.6652330114649637,-44.22295649519677,0.5997038266394056,-81.44966689265497,0.02142304037089582,0.9221624892756364,-43.64227482960675,-6.415564432148539
full_theta30_r4,30.0,4,source_plane,5000000000.0,None,0.6716393828392029,-98.08888244628906,0.666205649148934,-51.695939715656294,0.5999999999999999,-89.99999999999999,0.0705568575638643,0.9796980700655299,-46.392939879966164,-8.088879595622467
full_theta30_r4,30.0,4,source_plane,5125000000.0,None,0.6743351817131042,-108.34156036376953,0.6666406334964796,-59.166183543316684,0.5997038266394056,-98.55033310734501,0.09968073902828115,1.0187799688572141,-49.175369770183444,-9.791220206155128
full_theta30_r4,30.0,4,source_plane,5250000000.0,None,0.6689537167549133,-117.95793914794922,0.6665398510495572,-66.63577655091648,0.598814284027931,-107.10266505332372,0.031399018992804985,0.9620783932016386,-51.32216309172372,-10.855274589316489
full_theta30_r4,30.0,4,source_plane,5375000000.0,None,0.6638497710227966,-127.56356811523438,0.6659028646322515,-74.10680606175534,0.5973283062115684,-115.65899562511754,-0.026821467693244134,0.9171342839760342,-53.45674877152586,-11.904559208163663
full_theta30_r4,30.0,4,source_plane,5500000000.0,None,0.6477642059326172,-136.49253845214844,0.6647269122188432,-81.58136215288002,0.5952407889492942,-124.22132639328346,-0.22452631761921263,0.7344852502008182,-54.91116149934843,-12.27119725894499
full_theta30_r4,30.0,4,source_plane,5625000000.0,None,0.6353853344917297,-145.2071533203125,0.6630068998869421,-89.06154159888,0.5925445990533489,-132.79166131707973,-0.36961723161491994,0.6063228515772424,-56.14561302121486,-12.415493303015099
full_theta30_r4,30.0,4,source_plane,5750000000.0,None,0.6091616153717041,-153.22671508789062,0.660735389297581,-96.54945166794286,0.5892305891148854,-141.37200700043243,-0.7059007756536729,0.288944901882951,-56.6772680219172,-11.854712689427629
full_theta30_r4,30.0,4,source_plane,5875000000.0,None,0.5922990441322327,-160.53126525878906,0.6579025805357736,-104.04721367662546,0.5852876192998607,-149.96437247270353,-0.912411161949563,0.10343388535898758,-56.48404709816829,-10.56688830209022
full_theta30_r4,30.0,4,source_plane,6000000000.0,None,0.5607303380966187,-167.23895263671875,0.6544962915717015,-111.55696620148566,0.5807025884298928,-158.5707683607099,-1.3430627215695645,-0.30399415596916046,-55.681991018128926,-8.668188858904694
full_theta30_r4,30.0,4,ahead_plane,4000000000.0,None,0.5447710156440735,70.42587280273438,0.6427192321630446,70.69591353325457,0.5807025884298928,50.57076836071002,-1.4361460503975012,-0.5547953767349543,-0.27004250362136734,19.855102668923177
full_theta30_r4,30.0,4,ahead_plane,4125000000.0,None,0.5700151324272156,63.232845306396484,0.6477057150232554,65.09294059715613,0.5852876192998607,44.21437247270363,-1.1098268768429638,-0.2296590455428344,-1.860093769496146,19.018474354956357
full_theta30_r4,30.0,4,ahead_plane,4250000000.0,None,0.5921315550804138,55.32594680786133,0.6520752732719193,59.50766948207368,0.5892305891148852,37.87200700043252,-0.8375905302583533,0.042658419336505875,-4.1817242099122165,17.45393827172894
full_theta30_r4,30.0,4,ahead_plane,4375000000.0,None,0.6104097962379456,47.01199722290039,0.6558464413958535,53.93790479234201,0.592544599053349,31.54166131707984,-0.6236134316918638,0.2580090175527879,-6.925908139018578,15.470335336243593
full_theta30_r4,30.0,4,ahead_plane,4500000000.0,None,0.6245031356811523,38.30366897583008,0.6590353162039129,48.381474311981925,0.5952407889492943,25.221326393283537,-0.46748129455304477,0.41683879405134044,-10.077804801244008,13.08234311745438
full_theta30_r4,30.0,4,ahead_plane,4625000000.0,None,0.6341269016265869,29.397872924804688,0.6616555765328309,42.83622727129073,0.5973283062115685,18.908995625117637,-0.36911598908833043,0.5192616419964404,-13.438353117860233,10.488878528312865
full_theta30_r4,30.0,4,ahead_plane,4750000000.0,None,0.6395624279975891,20.307891845703125,0.6637185053324391,37.30003194014481,0.598814284027931,12.602665053323767,-0.322019678522461,0.5718158237324089,-16.99214076520619,7.705226121614857
full_theta30_r4,30.0,4,ahead_plane,4875000000.0,None,0.640637993812561,11.116143226623535,0.6652330114649637,31.77077268688775,0.5997038266394055,6.3003331073450415,-0.32722202043225945,0.5735174284724815,-20.654631119537893,4.815808460004813
full_theta30_r4,30.0,4,ahead_plane,5000000000.0,None,0.6374779343605042,1.9093631505966187,0.6662056491489341,26.246346624943193,0.5999999999999999,9.823393017948828e-15,-0.3828630859393378,0.5262781265623302,-24.336983391735135,1.9093632332080475
full_theta30_r4,30.0,4,ahead_plane,5125000000.0,None,0.630455493927002,-7.347616195678711,0.6666406334964796,20.7246599557978,0.5997038266394055,-6.300333107345021,-0.4847469581056136,0.4343522717233212,-28.072276030081788,-1.0472829669389654
full_theta30_r4,30.0,4,ahead_plane,5250000000.0,None,0.6185945272445679,-16.437583923339844,0.6665398510495572,15.203624106712965,0.598814284027931,-12.602665053323712,-0.6484009331149474,0.28227844109388467,-31.641208012060503,-3.8349188520238204
full_theta30_r4,30.0,4,ahead_plane,5375000000.0,None,0.6039782762527466,-25.498769760131836,0.6659028646322513,9.681151754389072,0.5973283062115686,-18.908995625117544,-0.8477912975361167,0.0961644541331562,-35.17991971574698,-6.589772336240366
full_theta30_r4,30.0,4,ahead_plane,5500000000.0,None,0.5832999348640442,-34.16240310668945,0.6647269122188434,4.155152821779403,0.5952407889492942,-25.221326393283487,-1.135026681977035,-0.17601511415700208,-38.31755485755809,-8.941075642495198
full_theta30_r4,30.0,4,ahead_plane,5625000000.0,None,0.5622706413269043,-42.59380340576172,0.6630068998869418,-1.3764694657055856,0.5925445990533488,-31.541661317079782,-1.4314528095240386,-0.4555127263318772,-41.21733068310767,-11.052138831733474
full_theta30_r4,30.0,4,ahead_plane,5750000000.0,None,0.5339159965515137,-50.332584381103516,0.6607353892975811,-6.915822376253478,0.5892305891148854,-37.87200700043246,-1.8510927116741809,-0.8562470341375576,-43.416758134879984,-12.460573510701002
full_theta30_r4,30.0,4,ahead_plane,5875000000.0,None,0.5101353526115417,-57.39744186401367,0.6579025805357736,-12.465027226421107,0.5852876192998607,-44.21437247270354,-2.209523369685409,-1.1936783223768574,-44.93241424666645,-13.183069000384016
full_theta30_r4,30.0,4,ahead_plane,6000000000.0,None,0.47912487387657166,-63.508697509765625,0.6544962915717014,-18.026222592766313,0.5807025884298929,-50.57076836070993,-2.709169444129685,-1.6701008785292841,-45.482470664664284,-12.93792489672067
full_forward_theta30_r1,30.0,1,source_plane,4000000000.0,None,0.5599287152290344,-4.6048502922058105,0.6427192321630447,8.342084460775004,0.5807025884298926,-21.429231639289984,-1.1977711049133575,-0.31642043125080754,-12.946934524711383,16.824381575353602
full_forward_theta30_r1,30.0,1,source_plane,4125000000.0,None,0.5817627310752869,-16.131526947021484,0.6477057150232554,0.7905543661615687,0.5852876192998608,-30.035627527296356,-0.932636661279713,-0.052468829979585074,-16.922081374837724,13.904100518620197
full_forward_theta30_r1,30.0,1,source_plane,4250000000.0,None,0.6002414226531982,-27.85172462463379,0.6520752732719194,-6.7432739074359,0.5892305891148852,-38.62799299956749,-0.7194353854121545,0.1608135641827071,-21.108447139539628,10.776271952591959
full_forward_theta30_r1,30.0,1,source_plane,4375000000.0,None,0.6133947968482971,-39.7064094543457,0.6558464413958536,-14.261595755682535,0.592544599053349,-47.20833868292012,-0.5812415735795696,0.30038087566508287,-25.444809748086655,7.501933179150936
full_forward_theta30_r1,30.0,1,source_plane,4500000000.0,None,0.623347818851471,-51.37687301635742,0.6590353162039129,-21.7665833945576,0.5952407889492943,-55.77867360671647,-0.4835648777894058,0.40075521081497983,-29.61028788089835,4.401802331260511
full_forward_theta30_r1,30.0,1,source_plane,4625000000.0,None,0.6284395456314087,-63.057579040527344,0.6616555765328309,-29.260387593763795,0.5973283062115685,-64.34100437488237,-0.44736942398376395,0.441008207101006,-33.7971888506448,1.2834279304737841
full_forward_theta30_r1,30.0,1,source_plane,4750000000.0,None,0.6301696300506592,-74.27815246582031,0.663718505332439,-36.745140083424694,0.5988142840279309,-72.89733494667621,-0.45052914485558265,0.4433063573992867,-37.533004860037295,-1.3808099967857794
full_forward_theta30_r1,30.0,1,source_plane,4875000000.0,None,0.6280600428581238,-85.47038269042969,0.6652330114649637,-44.22295649519677,0.5997038266394056,-81.44966689265497,-0.49945255958854173,0.4012868893161986,-41.247423211604165,-4.0207128141459565
full_forward_theta30_r1,30.0,1,source_plane,5000000000.0,None,0.6214615702629089,-95.96892547607422,0.666205649148934,-51.695939715656294,0.5999999999999999,-89.99999999999999,-0.6038806592143116,0.30526055328735463,-44.272981722237006,-5.9689214378933135
full_forward_theta30_r1,30.0,1,source_plane,5125000000.0,None,0.6127426028251648,-106.38463592529297,0.6666406334964796,-59.166183543316684,0.5997038266394056,-98.55033310734501,-0.7322740894149381,0.18682514041399503,-47.21844802486731,-7.834298460838997
full_forward_theta30_r1,30.0,1,source_plane,5250000000.0,None,0.59763103723526,-115.8637924194336,0.6665398510495572,-66.63577655091648,0.598814284027931,-107.10266505332372,-0.9478595231446296,-0.017180148935797793,-49.2280113261566,-8.761122823749368
full_forward_theta30_r1,30.0,1,source_plane,5375000000.0,None,0.5836764574050903,-125.07371520996094,0.6659028646322515,-74.10680606175534,0.5973283062115684,-115.65899562511754,-1.1447741357249226,-0.20081838405564478,-50.96689540106336,-9.414705837701176
full_forward_theta30_r1,30.0,1,source_plane,5500000000.0,None,0.5619666576385498,-133.07493591308594,0.6647269122188432,-81.58136215288002,0.5952407889492942,-124.22132639328346,-1.4586542614007356,-0.49964269358070434,-51.493566703032116,-8.853602462628675
full_forward_theta30_r1,30.0,1,source_plane,5625000000.0,None,0.5479875206947327,-140.4484405517578,0.6630068998869421,-89.06154159888,0.5925445990533489,-132.79166131707973,-1.6549475938750406,-0.6790075106828787,-51.38690293281607,-7.6567832146163175
full_forward_theta30_r1,30.0,1,source_plane,5750000000.0,None,0.527353048324585,-146.5388641357422,0.660735389297581,-96.54945166794286,0.5892305891148854,-141.37200700043243,-1.9585221537450468,-0.9636764762084238,-49.98941183231058,-5.166856499821001
full_forward_theta30_r1,30.0,1,source_plane,5875000000.0,None,0.5249418020248413,-151.83038330078125,0.6579025805357736,-104.04721367662546,0.5852876192998607,-149.96437247270353,-1.9610086419239465,-0.9451635946153947,-47.7831614603001,-1.8660026642220273
full_forward_theta30_r1,30.0,1,source_plane,6000000000.0,None,0.5171454548835754,-156.67718505859375,0.6544962915717015,-111.55696620148566,0.5807025884298928,-158.5707683607099,-2.045889561218241,-1.006820995617837,-45.12021398064055,1.8935881785836821
full_forward_theta30_r1,30.0,1,ahead_plane,4000000000.0,None,0.6201936602592468,74.82117462158203,0.6427192321630446,70.69591353325457,0.5807025884298928,50.57076836071002,-0.30987946137291106,0.5714712122896347,4.125259188345092,24.25040436088964
full_forward_theta30_r1,30.0,1,ahead_plane,4125000000.0,None,0.6387413740158081,67.16053009033203,0.6477057150232554,65.09294059715613,0.5852876192998607,44.21437247270363,-0.12105361758110106,0.7591142137190283,2.067589730827136,22.94615785527963
full_forward_theta30_r1,30.0,1,ahead_plane,4250000000.0,None,0.6517375111579895,59.066383361816406,0.6520752732719193,59.50766948207368,0.5892305891148852,37.87200700043252,-0.00450028492767846,0.8757486646671807,-0.44128843876386303,21.194374042877293
full_forward_theta30_r1,30.0,1,ahead_plane,4375000000.0,None,0.6590790748596191,50.816612243652344,0.6558464413958535,53.93790479234201,0.592544599053349,31.54166131707984,0.04270714002623863,0.9243295892708905,-3.1212929051966407,19.27495057006554
full_forward_theta30_r1,30.0,1,ahead_plane,4500000000.0,None,0.6611790657043457,42.31382751464844,0.6590353162039129,48.381474311981925,0.5952407889492943,25.221326393283537,0.028208127699553984,0.9125282163039393,-6.067648322504931,17.092499596193452
full_forward_theta30_r1,30.0,1,ahead_plane,4625000000.0,None,0.6573496460914612,33.75670623779297,0.6616555765328309,42.83622727129073,0.5973283062115685,18.908995625117637,-0.05671087395914942,0.8316667571256204,-9.079520867344588,14.847710778828512
full_forward_theta30_r1,30.0,1,ahead_plane,4750000000.0,None,0.6488550305366516,25.091060638427734,0.6637185053324391,37.30003194014481,0.598814284027931,12.602665053323767,-0.19672500919758892,0.6971104930572797,-12.208972230068248,12.4883946567528
full_forward_theta30_r1,30.0,1,ahead_plane,4875000000.0,None,0.6343564987182617,16.42906379699707,0.6652330114649637,31.77077268688775,0.5997038266394055,6.3003331073450415,-0.4128079816437192,0.48793146726102143,-15.34170880066423,10.128730778878476
full_forward_theta30_r1,30.0,1,ahead_plane,5000000000.0,None,0.6156716346740723,7.864186763763428,0.6662056491489341,26.246346624943193,0.5999999999999999,9.823393017948828e-15,-0.6851833168783695,0.22395789562329826,-18.38216117936522,7.864185445577962
full_forward_theta30_r1,30.0,1,ahead_plane,5125000000.0,None,0.5915490984916687,-0.6047086715698242,0.6666406334964796,20.7246599557978,0.5997038266394055,-6.300333107345021,-1.0380196935860595,-0.11892046375712449,-21.329368645292163,5.695624417850658
full_forward_theta30_r1,30.0,1,ahead_plane,5250000000.0,None,0.5638960599899292,-8.615996360778809,0.6665398510495572,15.203624106712965,0.598814284027931,-12.602665053323712,-1.4525411994191615,-0.5218618252103285,-23.819619838967302,3.986669321069374
full_forward_theta30_r1,30.0,1,ahead_plane,5375000000.0,None,0.533246636390686,-16.324588775634766,0.6659028646322513,9.681151754389072,0.5973283062115686,-18.908995625117544,-1.929655169750889,-0.9856994180816159,-26.00574010871539,2.5844072707912313
full_forward_theta30_r1,30.0,1,ahead_plane,5500000000.0,None,0.5009206533432007,-23.0062255859375,0.6647269122188434,4.155152821779403,0.5952407889492942,-25.221326393283487,-2.457486473568021,-1.4984749057479874,-27.161378486566967,2.215100728495919
full_forward_theta30_r1,30.0,1,ahead_plane,5625000000.0,None,0.47167542576789856,-29.09610366821289,0.6630068998869418,-1.3764694657055856,0.5925445990533488,-31.541661317079782,-2.957495959368121,-1.9815558761759595,-27.719630653515207,2.4455611978589884
full_forward_theta30_r1,30.0,1,ahead_plane,5750000000.0,None,0.44476038217544556,-33.657691955566406,0.6607353892975811,-6.915822376253478,0.5892305891148854,-37.87200700043246,-3.438029474129915,-2.4431837965932908,-26.74186725789911,4.214317366279875
full_forward_theta30_r1,30.0,1,ahead_plane,5875000000.0,None,0.43040698766708374,-37.81668472290039,0.6579025805357736,-12.465027226421107,0.5852876192998607,-44.21437247270354,-3.6856455273385595,-2.669800480030009,-25.351658475715595,6.397686770566832
full_forward_theta30_r1,30.0,1,ahead_plane,6000000000.0,None,0.4210079610347748,-40.966896057128906,0.6544962915717014,-18.026222592766313,0.5807025884298929,-50.57076836070993,-3.832337639148541,-2.793269073548139,-22.940672478791164,9.603873289152448
