rig,scale,N,drive,steps,dt_s,end_energy_J,probe_settling_db,settling_signal_kind,witness_file,definition,source_end_definition,post_source_start_step,post_source_start_s,post_source_peak_energy_J,end_vs_post_peak_db,last_5pct_max_energy_J,last_5pct_vs_post_peak_db,status
plane,0,4,small/0,4096,4.766437173827515e-12,3.9344482410722843e-31,-137.13703464176808,field probes,raw/plane/0_4/small/witness_00.npz,0.5*dx^3*sum_interior(eps0*eps_r*sum(E_i^2)+mu0*mu_r*sum(H_i^2)); same-step Yee samples,"last source-table sample > 1e-6 of that source peak, then one step",151,7.197320132479548e-10,3.756753662063189e-18,-129.79928882028838,3.9762883167977125e-31,-129.75334851291942,below -40 dB
plane,0.01,4,small/0,4096,4.766437173827515e-12,3.039438841802528e-29,-131.25173411189087,field probes,raw/plane/0.01_4/small/witness_00.npz,0.5*dx^3*sum_interior(eps0*eps_r*sum(E_i^2)+mu0*mu_r*sum(H_i^2)); same-step Yee samples,"last source-table sample > 1e-6 of that source peak, then one step",151,7.197320132479548e-10,3.748280437458502e-18,-110.9103866718158,3.039438841802528e-29,-110.9103866718158,below -40 dB
plane,0.03,4,small/0,4096,4.766437173827515e-12,1.2859794002387185e-26,-96.16660765139223,field probes,raw/plane/0.03_4/small/witness_00.npz,0.5*dx^3*sum_interior(eps0*eps_r*sum(E_i^2)+mu0*mu_r*sum(H_i^2)); same-step Yee samples,"last source-table sample > 1e-6 of that source peak, then one step",151,7.197320132479548e-10,3.730964652105623e-18,-84.62587122672448,1.3574706131091527e-26,-84.39090697830525,below -40 dB
plane,0.1,4,small/0,4096,4.766437173827515e-12,3.493790685365206e-26,-88.76153752759878,field probes,raw/plane/0.1_4/small/witness_00.npz,0.5*dx^3*sum_interior(eps0*eps_r*sum(E_i^2)+mu0*mu_r*sum(H_i^2)); same-step Yee samples,"last source-table sample > 1e-6 of that source peak, then one step",151,7.197320132479548e-10,3.666909853421048e-18,-80.21003350842442,3.493790685365206e-26,-80.21003350842442,below -40 dB
plane,0.3,4,small/0,4096,4.766437173827515e-12,1.1970053102383324e-24,-85.60677475858155,field probes,raw/plane/0.3_4/small/witness_00.npz,0.5*dx^3*sum_interior(eps0*eps_r*sum(E_i^2)+mu0*mu_r*sum(H_i^2)); same-step Yee samples,"last source-table sample > 1e-6 of that source peak, then one step",151,7.197320132479548e-10,3.462778842240671e-18,-64.61328678233309,1.3247259337057535e-24,-64.17298716860655,below -40 dB
plane,1,4,small/0,4096,4.766437173827515e-12,6.630793058029285e-23,-56.82512541395436,field probes,raw/plane/1_4/small/witness_00.npz,0.5*dx^3*sum_interior(eps0*eps_r*sum(E_i^2)+mu0*mu_r*sum(H_i^2)); same-step Yee samples,"last source-table sample > 1e-6 of that source peak, then one step",151,7.197320132479548e-10,2.745150650399626e-18,-46.17000708847122,6.630793058029285e-23,-46.17000708847122,below -40 dB
plane,3,4,small/0,4096,4.766437173827515e-12,1.3310539668392965e-21,-54.67272456157677,field probes,raw/plane/3_4/small/witness_00.npz,0.5*dx^3*sum_interior(eps0*eps_r*sum(E_i^2)+mu0*mu_r*sum(H_i^2)); same-step Yee samples,"last source-table sample > 1e-6 of that source peak, then one step",151,7.197320132479548e-10,3.488858812978702e-18,-34.18487730730474,1.3310539668392965e-21,-34.18487730730474,truncation-suspect
plane,0,8,small/0,4096,4.766437173827515e-12,1.8836283695796749e-31,-155.9957086911372,field probes,raw/plane/0_8/small/witness_00.npz,0.5*dx^3*sum_interior(eps0*eps_r*sum(E_i^2)+mu0*mu_r*sum(H_i^2)); same-step Yee samples,"last source-table sample > 1e-6 of that source peak, then one step",151,7.197320132479548e-10,1.0578823193698328e-18,-127.49442135941165,1.9099774281016617e-31,-127.43409123893852,below -40 dB
plane,0.01,8,small/0,4096,4.766437173827515e-12,4.303102547597507e-31,-141.8230869505361,field probes,raw/plane/0.01_8/small/witness_00.npz,0.5*dx^3*sum_interior(eps0*eps_r*sum(E_i^2)+mu0*mu_r*sum(H_i^2)); same-step Yee samples,"last source-table sample > 1e-6 of that source peak, then one step",151,7.197320132479548e-10,1.057174356163064e-18,-123.90364924009127,5.438950765350741e-31,-122.88631492425057,below -40 dB
plane,0.03,8,small/0,4096,4.766437173827515e-12,1.900243004217248e-29,-130.94727706608953,field probes,raw/plane/0.03_8/small/witness_00.npz,0.5*dx^3*sum_interior(eps0*eps_r*sum(E_i^2)+mu0*mu_r*sum(H_i^2)); same-step Yee samples,"last source-table sample > 1e-6 of that source peak, then one step",151,7.197320132479548e-10,1.0557374400414828e-18,-107.44746781044299,1.900243004217248e-29,-107.44746781044299,below -40 dB
plane,0.1,8,small/0,4096,4.766437173827515e-12,4.174209331728374e-27,-106.58858074615095,field probes,raw/plane/0.1_8/small/witness_00.npz,0.5*dx^3*sum_interior(eps0*eps_r*sum(E_i^2)+mu0*mu_r*sum(H_i^2)); same-step Yee samples,"last source-table sample > 1e-6 of that source peak, then one step",151,7.197320132479548e-10,1.0504921843797075e-18,-84.00818600983047,4.174209331728374e-27,-84.00818600983047,below -40 dB
plane,0.3,8,small/0,4096,4.766437173827515e-12,1.4679778232384888e-25,-86.9453253390948,field probes,raw/plane/0.3_8/small/witness_00.npz,0.5*dx^3*sum_interior(eps0*eps_r*sum(E_i^2)+mu0*mu_r*sum(H_i^2)); same-step Yee samples,"last source-table sample > 1e-6 of that source peak, then one step",151,7.197320132479548e-10,1.033953121622016e-18,-68.47781353999464,4.115051496887884e-25,-64.00125574273196,below -40 dB
plane,1,8,small/0,4096,4.766437173827515e-12,1.3575981620567656e-24,-72.3759444049007,field probes,raw/plane/1_8/small/witness_00.npz,0.5*dx^3*sum_interior(eps0*eps_r*sum(E_i^2)+mu0*mu_r*sum(H_i^2)); same-step Yee samples,"last source-table sample > 1e-6 of that source peak, then one step",151,7.197320132479548e-10,9.677698838237654e-19,-58.530008617541746,2.123006922818849e-24,-56.588206927678684,below -40 dB
plane,3,8,small/0,4096,4.766437173827515e-12,1.222831511870001e-23,-57.74820819118047,field probes,raw/plane/3_8/small/witness_00.npz,0.5*dx^3*sum_interior(eps0*eps_r*sum(E_i^2)+mu0*mu_r*sum(H_i^2)); same-step Yee samples,"last source-table sample > 1e-6 of that source peak, then one step",151,7.197320132479548e-10,8.263272723536027e-19,-48.29785464788402,7.1889891412975e-23,-40.604842589523074,below -40 dB
plane,0,16,small/0,4096,4.766437173827515e-12,2.8701121625468048e-31,-136.5806636594329,field probes,raw/plane/0_16/small/witness_00.npz,0.5*dx^3*sum_interior(eps0*eps_r*sum(E_i^2)+mu0*mu_r*sum(H_i^2)); same-step Yee samples,"last source-table sample > 1e-6 of that source peak, then one step",151,7.197320132479548e-10,2.107146321485658e-19,-118.65795825244061,3.134205776368645e-31,-118.27567187635574,below -40 dB
plane,0.01,16,small/0,4096,4.766437173827515e-12,1.0806390096770338e-30,-142.4923191250657,field probes,raw/plane/0.01_16/small/witness_00.npz,0.5*dx^3*sum_interior(eps0*eps_r*sum(E_i^2)+mu0*mu_r*sum(H_i^2)); same-step Yee samples,"last source-table sample > 1e-6 of that source peak, then one step",151,7.197320132479548e-10,2.1031028300069515e-19,-112.89179866827295,1.1248044953470327e-30,-112.71783464422586,below -40 dB
plane,0.03,16,small/0,4096,4.766437173827515e-12,6.131941266544677e-30,-141.9880004640715,field probes,raw/plane/0.03_16/small/witness_00.npz,0.5*dx^3*sum_interior(eps0*eps_r*sum(E_i^2)+mu0*mu_r*sum(H_i^2)); same-step Yee samples,"last source-table sample > 1e-6 of that source peak, then one step",151,7.197320132479548e-10,2.0950263160541662e-19,-105.33591496190654,6.92002954283878e-30,-104.81081534057195,below -40 dB
plane,0.1,16,small/0,4096,4.766437173827515e-12,8.93640221065738e-30,-136.31910007818465,field probes,raw/plane/0.1_16/small/witness_00.npz,0.5*dx^3*sum_interior(eps0*eps_r*sum(E_i^2)+mu0*mu_r*sum(H_i^2)); same-step Yee samples,"last source-table sample > 1e-6 of that source peak, then one step",151,7.197320132479548e-10,2.0668105391251289e-19,-103.64137960117785,1.1362723361150107e-29,-102.59818234045957,below -40 dB
plane,0.3,16,small/0,4096,4.766437173827515e-12,2.4800976284383267e-29,-136.27686045046636,field probes,raw/plane/0.3_16/small/witness_00.npz,0.5*dx^3*sum_interior(eps0*eps_r*sum(E_i^2)+mu0*mu_r*sum(H_i^2)); same-step Yee samples,"last source-table sample > 1e-6 of that source peak, then one step",151,7.197320132479548e-10,1.9869733928469834e-19,-99.0372327454137,2.4800976284383267e-29,-99.0372327454137,below -40 dB
plane,1,16,small/0,4096,4.766437173827515e-12,1.0788295339455362e-25,-99.1537507931341,field probes,raw/plane/1_16/small/witness_00.npz,0.5*dx^3*sum_interior(eps0*eps_r*sum(E_i^2)+mu0*mu_r*sum(H_i^2)); same-step Yee samples,"last source-table sample > 1e-6 of that source peak, then one step",151,7.197320132479548e-10,1.725960815705909e-19,-62.04078104599999,1.0788295339455362e-25,-62.04078104599999,below -40 dB
plane,3,16,small/0,4096,4.766437173827515e-12,6.4048480697585165e-24,-72.70695170751591,field probes,raw/plane/3_16/small/witness_00.npz,0.5*dx^3*sum_interior(eps0*eps_r*sum(E_i^2)+mu0*mu_r*sum(H_i^2)); same-step Yee samples,"last source-table sample > 1e-6 of that source peak, then one step",151,7.197320132479548e-10,1.1893594465608687e-19,-42.68804294085002,9.794372359201058e-24,-40.84336515471818,below -40 dB
