rig,scale,N,drive,steps,dt_s,end_energy_J,probe_settling_db,settling_signal_kind,witness_file,definition,source_end_definition,post_source_start_step,post_source_start_s,post_source_peak_energy_J,end_vs_post_peak_db,last_5pct_max_energy_J,last_5pct_vs_post_peak_db,status,reason
msl,0,4,two_port/0,25177,9.53287434765503e-14,7.335967065786846e-29,-105.08470079040069,field probes,raw/msl/0_4/two_port/witness_00.npz,0.5*dx^3*sum_interior(eps0*eps_r*sum(E_i^2)+mu0*mu_r*sum(H_i^2)); same-step Yee samples,"last source-table sample > 1e-6 of that source peak, then one step",11698,1.1151556411886853e-09,8.521464824814623e-25,-40.650568827040246,1.443294066994982e-28,-37.711594292867716,below -40 dB,
msl,0,4,two_port/1,25177,9.53287434765503e-14,1.460889784264079e-29,-101.5695007978225,field probes,raw/msl/0_4/two_port/witness_01.npz,0.5*dx^3*sum_interior(eps0*eps_r*sum(E_i^2)+mu0*mu_r*sum(H_i^2)); same-step Yee samples,"last source-table sample > 1e-6 of that source peak, then one step",11698,1.1151556411886853e-09,2.5582991808654695e-26,-32.43333879628986,1.6133134472041304e-29,-32.002325780483446,truncation-suspect,
msl,0,4,one_port/0,25177,9.53287434765503e-14,7.686945529586438e-29,-104.2930590617755,field probes,raw/msl/0_4/one_port/witness_00.npz,0.5*dx^3*sum_interior(eps0*eps_r*sum(E_i^2)+mu0*mu_r*sum(H_i^2)); same-step Yee samples,"last source-table sample > 1e-6 of that source peak, then one step",11698,1.1151556411886853e-09,6.503441286199623e-25,-39.27389420109739,1.4748657162027004e-28,-36.44390743334321,truncation-suspect,
msl,0.01,4,two_port/0,25177,9.53287434765503e-14,5.325875379129098e-27,-93.02385203525648,field probes,raw/msl/0.01_4/two_port/witness_00.npz,0.5*dx^3*sum_interior(eps0*eps_r*sum(E_i^2)+mu0*mu_r*sum(H_i^2)); same-step Yee samples,"last source-table sample > 1e-6 of that source peak, then one step",11698,1.1151556411886853e-09,7.632835694834178e-25,-21.562949137097313,5.428858705115372e-27,-21.479773752348738,truncation-suspect,
msl,0.01,4,two_port/1,25177,9.53287434765503e-14,5.2121942826737305e-27,-90.5994322153683,field probes,raw/msl/0.01_4/two_port/witness_01.npz,0.5*dx^3*sum_interior(eps0*eps_r*sum(E_i^2)+mu0*mu_r*sum(H_i^2)); same-step Yee samples,"last source-table sample > 1e-6 of that source peak, then one step",11698,1.1151556411886853e-09,2.645014869946285e-26,-7.054075224144904,5.259372632963418e-27,-7.014941757307901,truncation-suspect,
msl,0.01,4,one_port/0,25177,9.53287434765503e-14,9.819829140968597e-27,-92.14050407097523,field probes,raw/msl/0.01_4/one_port/witness_00.npz,0.5*dx^3*sum_interior(eps0*eps_r*sum(E_i^2)+mu0*mu_r*sum(H_i^2)); same-step Yee samples,"last source-table sample > 1e-6 of that source peak, then one step",11698,1.1151556411886853e-09,5.437617726650369e-25,-17.4330474132398,9.957267353659959e-27,-17.372685045812023,truncation-suspect,
msl,0.03,4,two_port/0,25177,9.53287434765503e-14,3.181252931031583e-25,-76.48481886318939,field probes,raw/msl/0.03_4/two_port/witness_00.npz,0.5*dx^3*sum_interior(eps0*eps_r*sum(E_i^2)+mu0*mu_r*sum(H_i^2)); same-step Yee samples,"last source-table sample > 1e-6 of that source peak, then one step",11698,1.1151556411886853e-09,5.59720773904304e-25,-2.4537322612688235,3.2710948204130065e-25,-2.332782925837159,truncation-suspect,
msl,0.03,4,two_port/1,25177,9.53287434765503e-14,3.167110627153233e-25,-75.06644153251332,field probes,raw/msl/0.03_4/two_port/witness_01.npz,0.5*dx^3*sum_interior(eps0*eps_r*sum(E_i^2)+mu0*mu_r*sum(H_i^2)); same-step Yee samples,"last source-table sample > 1e-6 of that source peak, then one step",11698,1.1151556411886853e-09,4.131105802385263e-25,-1.1540308436147066,3.2565864357708277e-25,-1.033037082673525,truncation-suspect,
msl,0.03,4,one_port/0,25177,9.53287434765503e-14,5.906194694856795e-25,-75.7643218187105,field probes,raw/msl/0.03_4/one_port/witness_00.npz,0.5*dx^3*sum_interior(eps0*eps_r*sum(E_i^2)+mu0*mu_r*sum(H_i^2)); same-step Yee samples,"last source-table sample > 1e-6 of that source peak, then one step",11698,1.1151556411886853e-09,9.048736495635952e-25,-1.8528018232151555,6.069256188270504e-25,-1.7345247169160962,truncation-suspect,
msl,0.1,4,two_port/0,25177,9.53287434765503e-14,1.3174310805353806e-23,-60.737578137327674,field probes,raw/msl/0.1_4/two_port/witness_00.npz,0.5*dx^3*sum_interior(eps0*eps_r*sum(E_i^2)+mu0*mu_r*sum(H_i^2)); same-step Yee samples,"last source-table sample > 1e-6 of that source peak, then one step",11698,1.1151556411886853e-09,3.746229756957477e-23,-4.5386650421287165,1.475015907114593e-23,-4.047977052851637,truncation-suspect,
msl,0.1,4,two_port/1,25177,9.53287434765503e-14,1.2982484287892117e-23,-59.674259525222375,field probes,raw/msl/0.1_4/two_port/witness_01.npz,0.5*dx^3*sum_interior(eps0*eps_r*sum(E_i^2)+mu0*mu_r*sum(H_i^2)); same-step Yee samples,"last source-table sample > 1e-6 of that source peak, then one step",11698,1.1151556411886853e-09,3.879384744593353e-23,-4.7540504797080345,1.4540268427815585e-23,-4.261904295263656,truncation-suspect,
msl,0.1,4,one_port/0,25177,9.53287434765503e-14,2.5050055586517958e-23,-59.7529160018832,field probes,raw/msl/0.1_4/one_port/witness_00.npz,0.5*dx^3*sum_interior(eps0*eps_r*sum(E_i^2)+mu0*mu_r*sum(H_i^2)); same-step Yee samples,"last source-table sample > 1e-6 of that source peak, then one step",11698,1.1151556411886853e-09,7.002086535834021e-23,-4.464187798129993,2.801044703769887e-23,-3.979074336457853,truncation-suspect,
msl,0.3,4,two_port/0,25177,9.53287434765503e-14,3.789495306620867e-24,-63.647736081551784,field probes,raw/msl/0.3_4/two_port/witness_00.npz,0.5*dx^3*sum_interior(eps0*eps_r*sum(E_i^2)+mu0*mu_r*sum(H_i^2)); same-step Yee samples,"last source-table sample > 1e-6 of that source peak, then one step",11698,1.1151556411886853e-09,1.2461758655859793e-21,-25.1699796259617,3.789495306620867e-24,-25.1699796259617,truncation-suspect,
msl,0.3,4,two_port/1,25177,9.53287434765503e-14,3.1968680875237867e-24,-68.12282717824746,field probes,raw/msl/0.3_4/two_port/witness_01.npz,0.5*dx^3*sum_interior(eps0*eps_r*sum(E_i^2)+mu0*mu_r*sum(H_i^2)); same-step Yee samples,"last source-table sample > 1e-6 of that source peak, then one step",11698,1.1151556411886853e-09,1.234023419164839e-21,-25.865986854363122,3.1968680875237867e-24,-25.865986854363122,truncation-suspect,
msl,0.3,4,one_port/0,25177,9.53287434765503e-14,5.6506532625869895e-24,-62.586812537313286,field probes,raw/msl/0.3_4/one_port/witness_00.npz,0.5*dx^3*sum_interior(eps0*eps_r*sum(E_i^2)+mu0*mu_r*sum(H_i^2)); same-step Yee samples,"last source-table sample > 1e-6 of that source peak, then one step",11698,1.1151556411886853e-09,2.443920669814084e-21,-26.359884457261806,5.6506532625869895e-24,-26.359884457261806,truncation-suspect,
msl,1,4,two_port/0,25177,9.53287434765503e-14,1.5139583223125285e-21,-33.41166508411223,field probes,raw/msl/1_4/two_port/witness_00.npz,0.5*dx^3*sum_interior(eps0*eps_r*sum(E_i^2)+mu0*mu_r*sum(H_i^2)); same-step Yee samples,"last source-table sample > 1e-6 of that source peak, then one step",11698,1.1151556411886853e-09,1.0497084339804877e-20,-8.409547669399362,2.347262918870772e-21,-6.505069485870225,truncation-suspect,
msl,1,4,two_port/1,25177,9.53287434765503e-14,1.225964466644199e-21,-33.16233112266713,field probes,raw/msl/1_4/two_port/witness_01.npz,0.5*dx^3*sum_interior(eps0*eps_r*sum(E_i^2)+mu0*mu_r*sum(H_i^2)); same-step Yee samples,"last source-table sample > 1e-6 of that source peak, then one step",11698,1.1151556411886853e-09,1.0296773345628499e-20,-9.242232703081417,1.9785406984767245e-21,-7.163561649728127,truncation-suspect,
msl,1,4,one_port/0,25177,9.53287434765503e-14,2.743709624224376e-21,-32.7357529199936,field probes,raw/msl/1_4/one_port/witness_00.npz,0.5*dx^3*sum_interior(eps0*eps_r*sum(E_i^2)+mu0*mu_r*sum(H_i^2)); same-step Yee samples,"last source-table sample > 1e-6 of that source peak, then one step",11698,1.1151556411886853e-09,2.0135792695088394e-20,-8.656305846929182,4.401442579678865e-21,-6.603736908401293,truncation-suspect,
msl,3,4,two_port/0,25177,9.53287434765503e-14,5.851429608966802e-21,-27.862620173362245,field probes,raw/msl/3_4/two_port/witness_00.npz,0.5*dx^3*sum_interior(eps0*eps_r*sum(E_i^2)+mu0*mu_r*sum(H_i^2)); same-step Yee samples,"last source-table sample > 1e-6 of that source peak, then one step",11698,1.1151556411886853e-09,2.8265911828976287e-19,-16.840010149514583,8.154900624934672e-21,-15.398443267858433,truncation-suspect,
msl,3,4,two_port/1,25177,9.53287434765503e-14,5.9706611511384285e-21,-26.80690187859649,field probes,raw/msl/3_4/two_port/witness_01.npz,0.5*dx^3*sum_interior(eps0*eps_r*sum(E_i^2)+mu0*mu_r*sum(H_i^2)); same-step Yee samples,"last source-table sample > 1e-6 of that source peak, then one step",11698,1.1151556411886853e-09,1.9267830785866795e-19,-15.088103989313568,8.116931903907494e-21,-13.75440921076471,truncation-suspect,
msl,3,4,one_port/0,25177,9.53287434765503e-14,5.931498915116088e-21,-29.991037522649705,field probes,raw/msl/3_4/one_port/witness_00.npz,0.5*dx^3*sum_interior(eps0*eps_r*sum(E_i^2)+mu0*mu_r*sum(H_i^2)); same-step Yee samples,"last source-table sample > 1e-6 of that source peak, then one step",11698,1.1151556411886853e-09,5.376662607861257e-19,-19.573483295190734,7.432376131328075e-21,-18.593851048784646,truncation-suspect,
msl,0,8,two_port/0,25177,9.53287434765503e-14,8.338517725702102e-24,-82.2380076949821,field probes,raw/msl/0_8/two_port/witness_00.npz,0.5*dx^3*sum_interior(eps0*eps_r*sum(E_i^2)+mu0*mu_r*sum(H_i^2)); same-step Yee samples,"last source-table sample > 1e-6 of that source peak, then one step",11698,1.1151556411886853e-09,2.153256955432801e-21,-24.1200700244309,1.4747118801217208e-23,-21.64388679851689,truncation-suspect,
msl,0,8,two_port/1,25177,9.53287434765503e-14,7.781863549959232e-24,-81.54673407310057,field probes,raw/msl/0_8/two_port/witness_01.npz,0.5*dx^3*sum_interior(eps0*eps_r*sum(E_i^2)+mu0*mu_r*sum(H_i^2)); same-step Yee samples,"last source-table sample > 1e-6 of that source peak, then one step",11698,1.1151556411886853e-09,1.0831150600589794e-21,-21.435909830217376,1.4068616381192994e-23,-18.864232068911797,truncation-suspect,
msl,0,8,one_port/0,25177,9.53287434765503e-14,5.367125214767432e-24,-80.93861509696198,field probes,raw/msl/0_8/one_port/witness_00.npz,0.5*dx^3*sum_interior(eps0*eps_r*sum(E_i^2)+mu0*mu_r*sum(H_i^2)); same-step Yee samples,"last source-table sample > 1e-6 of that source peak, then one step",11698,1.1151556411886853e-09,1.3450645404128052e-21,-23.990013961748108,8.986868304206958e-24,-21.751347461705386,truncation-suspect,
msl,0.01,8,two_port/0,25177,9.53287434765503e-14,7.543787695346246e-24,-82.67061034079379,field probes,raw/msl/0.01_8/two_port/witness_00.npz,0.5*dx^3*sum_interior(eps0*eps_r*sum(E_i^2)+mu0*mu_r*sum(H_i^2)); same-step Yee samples,"last source-table sample > 1e-6 of that source peak, then one step",11698,1.1151556411886853e-09,2.058318795045126e-21,-24.359231821591752,1.32695744371292e-23,-21.9065564470584,truncation-suspect,
msl,0.01,8,two_port/1,25177,9.53287434765503e-14,6.673764047030665e-24,-81.71760096259567,field probes,raw/msl/0.01_8/two_port/witness_01.npz,0.5*dx^3*sum_interior(eps0*eps_r*sum(E_i^2)+mu0*mu_r*sum(H_i^2)); same-step Yee samples,"last source-table sample > 1e-6 of that source peak, then one step",11698,1.1151556411886853e-09,1.0310347912624248e-21,-21.889024723981198,1.2217327075151187e-23,-19.262971196629383,truncation-suspect,
msl,0.01,8,one_port/0,25177,9.53287434765503e-14,4.936415049125812e-24,-81.31308605934917,field probes,raw/msl/0.01_8/one_port/witness_00.npz,0.5*dx^3*sum_interior(eps0*eps_r*sum(E_i^2)+mu0*mu_r*sum(H_i^2)); same-step Yee samples,"last source-table sample > 1e-6 of that source peak, then one step",11698,1.1151556411886853e-09,1.2857508841210298e-21,-24.157451639960392,8.18660204801826e-24,-21.96053151845951,truncation-suspect,
msl,0.03,8,two_port/0,25177,9.53287434765503e-14,6.133820311843091e-24,-83.8820749752696,field probes,raw/msl/0.03_8/two_port/witness_00.npz,0.5*dx^3*sum_interior(eps0*eps_r*sum(E_i^2)+mu0*mu_r*sum(H_i^2)); same-step Yee samples,"last source-table sample > 1e-6 of that source peak, then one step",11698,1.1151556411886853e-09,1.881550540480614e-21,-24.8678483910632,1.0707745491980344e-23,-22.44817848361823,truncation-suspect,
msl,0.03,8,two_port/1,25177,9.53287434765503e-14,4.91144957362783e-24,-82.82528219140389,field probes,raw/msl/0.03_8/two_port/witness_01.npz,0.5*dx^3*sum_interior(eps0*eps_r*sum(E_i^2)+mu0*mu_r*sum(H_i^2)); same-step Yee samples,"last source-table sample > 1e-6 of that source peak, then one step",11698,1.1151556411886853e-09,9.347368113789916e-22,-22.794796567555025,9.20633493006578e-24,-20.066025755653214,truncation-suspect,
msl,0.03,8,one_port/0,25177,9.53287434765503e-14,4.1549138217200595e-24,-82.46722741292419,field probes,raw/msl/0.03_8/one_port/witness_00.npz,0.5*dx^3*sum_interior(eps0*eps_r*sum(E_i^2)+mu0*mu_r*sum(H_i^2)); same-step Yee samples,"last source-table sample > 1e-6 of that source peak, then one step",11698,1.1151556411886853e-09,1.1753515548620024e-21,-24.516057657979843,6.782888753771698e-24,-22.387530919277957,truncation-suspect,
msl,0.1,8,two_port/0,25177,9.53287434765503e-14,3.0170070122724908e-24,-92.39437948642644,field probes,raw/msl/0.1_8/two_port/witness_00.npz,0.5*dx^3*sum_interior(eps0*eps_r*sum(E_i^2)+mu0*mu_r*sum(H_i^2)); same-step Yee samples,"last source-table sample > 1e-6 of that source peak, then one step",11698,1.1151556411886853e-09,1.387872146854383e-21,-26.627731404300377,5.142785006236155e-24,-24.31151090963833,truncation-suspect,
msl,0.1,8,two_port/1,25177,9.53287434765503e-14,1.814433527334656e-24,-93.30460736026373,field probes,raw/msl/0.1_8/two_port/witness_01.npz,0.5*dx^3*sum_interior(eps0*eps_r*sum(E_i^2)+mu0*mu_r*sum(H_i^2)); same-step Yee samples,"last source-table sample > 1e-6 of that source peak, then one step",11698,1.1151556411886853e-09,6.721587666558858e-22,-25.687308050717988,3.54561422460636e-24,-22.777803862511732,truncation-suspect,
msl,0.1,8,one_port/0,25177,9.53287434765503e-14,2.3288449904638463e-24,-92.58815997253873,field probes,raw/msl/0.1_8/one_port/witness_00.npz,0.5*dx^3*sum_interior(eps0*eps_r*sum(E_i^2)+mu0*mu_r*sum(H_i^2)); same-step Yee samples,"last source-table sample > 1e-6 of that source peak, then one step",11698,1.1151556411886853e-09,8.676883297353135e-22,-25.712231737470084,3.611680536557714e-24,-23.806544275470763,truncation-suspect,
msl,0.3,8,two_port/0,25177,9.53287434765503e-14,1.1346938775882167e-24,-74.5035667602605,field probes,raw/msl/0.3_8/two_port/witness_00.npz,0.5*dx^3*sum_interior(eps0*eps_r*sum(E_i^2)+mu0*mu_r*sum(H_i^2)); same-step Yee samples,"last source-table sample > 1e-6 of that source peak, then one step",11698,1.1151556411886853e-09,6.164289370109656e-22,-27.35004306034101,1.9878174629084084e-24,-24.91506516057353,truncation-suspect,
msl,0.3,8,two_port/1,25177,9.53287434765503e-14,8.927909629011644e-25,-76.7313760405054,field probes,raw/msl/0.3_8/two_port/witness_01.npz,0.5*dx^3*sum_interior(eps0*eps_r*sum(E_i^2)+mu0*mu_r*sum(H_i^2)); same-step Yee samples,"last source-table sample > 1e-6 of that source peak, then one step",11698,1.1151556411886853e-09,3.011184059166429e-22,-25.27987517096029,1.572718262935433e-24,-22.820863726618082,truncation-suspect,
msl,0.3,8,one_port/0,25177,9.53287434765503e-14,1.9436889783007976e-24,-72.70474619029983,field probes,raw/msl/0.3_8/one_port/witness_00.npz,0.5*dx^3*sum_interior(eps0*eps_r*sum(E_i^2)+mu0*mu_r*sum(H_i^2)); same-step Yee samples,"last source-table sample > 1e-6 of that source peak, then one step",11698,1.1151556411886853e-09,3.985148840769272e-22,-23.11817774436504,3.28159352368156e-24,-20.843597605066044,truncation-suspect,
msl,1,8,two_port/0,25177,9.53287434765503e-14,1.1422514056628101e-22,-59.03379722705651,field probes,raw/msl/1_8/two_port/witness_00.npz,0.5*dx^3*sum_interior(eps0*eps_r*sum(E_i^2)+mu0*mu_r*sum(H_i^2)); same-step Yee samples,"last source-table sample > 1e-6 of that source peak, then one step",11698,1.1151556411886853e-09,1.3790976154511735e-22,-0.818333063734292,1.1422514056628101e-22,-0.818333063734292,truncation-suspect,
msl,1,8,two_port/1,25177,9.53287434765503e-14,1.188531918597082e-22,-53.84450659235563,field probes,raw/msl/1_8/two_port/witness_01.npz,0.5*dx^3*sum_interior(eps0*eps_r*sum(E_i^2)+mu0*mu_r*sum(H_i^2)); same-step Yee samples,"last source-table sample > 1e-6 of that source peak, then one step",11698,1.1151556411886853e-09,1.5283710508646316e-22,-1.0921795364053037,1.188531918597082e-22,-1.0921795364053037,truncation-suspect,
msl,1,8,one_port/0,25177,9.53287434765503e-14,2.0121814635205955e-22,-57.21699326960541,field probes,raw/msl/1_8/one_port/witness_00.npz,0.5*dx^3*sum_interior(eps0*eps_r*sum(E_i^2)+mu0*mu_r*sum(H_i^2)); same-step Yee samples,"last source-table sample > 1e-6 of that source peak, then one step",11698,1.1151556411886853e-09,2.9108929537331885e-22,-1.6035909091990908,2.0121814635205955e-22,-1.6035909091990908,truncation-suspect,
msl,3,8,two_port/0,25177,9.53287434765503e-14,1.516775401403058e-21,-39.83539316467835,field probes,raw/msl/3_8/two_port/witness_00.npz,0.5*dx^3*sum_interior(eps0*eps_r*sum(E_i^2)+mu0*mu_r*sum(H_i^2)); same-step Yee samples,"last source-table sample > 1e-6 of that source peak, then one step",11698,1.1151556411886853e-09,1.3297056785967064e-20,-9.428342466465535,4.9136535752663705e-21,-4.323509890553988,truncation-suspect,
msl,3,8,two_port/1,25177,9.53287434765503e-14,1.5285281919569516e-21,-43.825161545871595,field probes,raw/msl/3_8/two_port/witness_01.npz,0.5*dx^3*sum_interior(eps0*eps_r*sum(E_i^2)+mu0*mu_r*sum(H_i^2)); same-step Yee samples,"last source-table sample > 1e-6 of that source peak, then one step",11698,1.1151556411886853e-09,1.2745771603856015e-20,-9.2109267873014,4.674708642060434e-21,-4.356115839080646,truncation-suspect,
msl,3,8,one_port/0,25177,9.53287434765503e-14,3.3252276922687413e-21,-37.30184442810203,field probes,raw/msl/3_8/one_port/witness_00.npz,0.5*dx^3*sum_interior(eps0*eps_r*sum(E_i^2)+mu0*mu_r*sum(H_i^2)); same-step Yee samples,"last source-table sample > 1e-6 of that source peak, then one step",11698,1.1151556411886853e-09,2.4592645066698375e-20,-8.689838532582598,1.0053625058596957e-20,-3.8848255732748416,truncation-suspect,
msl,0,16,two_port/0,25177,9.53287434765503e-14,2.4064178247939808e-23,-88.93898191370141,field probes,raw/msl/0_16/two_port/witness_00.npz,0.5*dx^3*sum_interior(eps0*eps_r*sum(E_i^2)+mu0*mu_r*sum(H_i^2)); same-step Yee samples,"last source-table sample > 1e-6 of that source peak, then one step",11698,1.1151556411886853e-09,5.694338801796319e-22,-13.740722674095663,2.774030004298412e-23,-13.123321490819343,truncation-suspect,
msl,0,16,two_port/1,25177,9.53287434765503e-14,1.9017011466455945e-23,-88.13500285451346,field probes,raw/msl/0_16/two_port/witness_01.npz,0.5*dx^3*sum_interior(eps0*eps_r*sum(E_i^2)+mu0*mu_r*sum(H_i^2)); same-step Yee samples,"last source-table sample > 1e-6 of that source peak, then one step",11698,1.1151556411886853e-09,4.459466795489403e-22,-13.70140666229112,2.3192433305129035e-23,-12.839366182187351,truncation-suspect,
msl,0,16,one_port/0,25177,9.53287434765503e-14,1.7947183550344176e-23,-86.77104604106697,field probes,raw/msl/0_16/one_port/witness_00.npz,0.5*dx^3*sum_interior(eps0*eps_r*sum(E_i^2)+mu0*mu_r*sum(H_i^2)); same-step Yee samples,"last source-table sample > 1e-6 of that source peak, then one step",11698,1.1151556411886853e-09,4.317453152323385e-22,-13.812313293635935,2.0083819623022528e-23,-13.323813216065851,truncation-suspect,
msl,0.01,16,two_port/0,25177,9.53287434765503e-14,2.0572162388677785e-23,-89.24112105586019,field probes,raw/msl/0.01_16/two_port/witness_00.npz,0.5*dx^3*sum_interior(eps0*eps_r*sum(E_i^2)+mu0*mu_r*sum(H_i^2)); same-step Yee samples,"last source-table sample > 1e-6 of that source peak, then one step",11698,1.1151556411886853e-09,5.350499450541702e-22,-14.15114379980153,2.403905145038671e-23,-13.474769968200444,truncation-suspect,
msl,0.01,16,two_port/1,25177,9.53287434765503e-14,1.61703879573042e-23,-88.75027449659271,field probes,raw/msl/0.01_16/two_port/witness_01.npz,0.5*dx^3*sum_interior(eps0*eps_r*sum(E_i^2)+mu0*mu_r*sum(H_i^2)); same-step Yee samples,"last source-table sample > 1e-6 of that source peak, then one step",11698,1.1151556411886853e-09,4.1927007955055616e-22,-14.137734313170887,1.99689993405458e-23,-13.221375682317165,truncation-suspect,
msl,0.01,16,one_port/0,25177,9.53287434765503e-14,1.5351064399367172e-23,-87.29497995590319,field probes,raw/msl/0.01_16/one_port/witness_00.npz,0.5*dx^3*sum_interior(eps0*eps_r*sum(E_i^2)+mu0*mu_r*sum(H_i^2)); same-step Yee samples,"last source-table sample > 1e-6 of that source peak, then one step",11698,1.1151556411886853e-09,4.055311518074822e-22,-14.218857275497061,1.7438196294799285e-23,-13.665226591231336,truncation-suspect,
msl,0.03,16,two_port/0,25177,9.53287434765503e-14,1.5068418692470105e-23,-90.15086902353603,field probes,raw/msl/0.03_16/two_port/witness_00.npz,0.5*dx^3*sum_interior(eps0*eps_r*sum(E_i^2)+mu0*mu_r*sum(H_i^2)); same-step Yee samples,"last source-table sample > 1e-6 of that source peak, then one step",11698,1.1151556411886853e-09,4.721700821127185e-22,-14.960307865753787,1.8089519301195014e-23,-14.16671439259126,truncation-suspect,
msl,0.03,16,two_port/1,25177,9.53287434765503e-14,1.1725850953980392e-23,-89.86418850976904,field probes,raw/msl/0.03_16/two_port/witness_01.npz,0.5*dx^3*sum_interior(eps0*eps_r*sum(E_i^2)+mu0*mu_r*sum(H_i^2)); same-step Yee samples,"last source-table sample > 1e-6 of that source peak, then one step",11698,1.1151556411886853e-09,3.7045988533074505e-22,-14.995968183487687,1.4841479187256124e-23,-13.972640005742063,truncation-suspect,
msl,0.03,16,one_port/0,25177,9.53287434765503e-14,1.12543046147191e-23,-88.46164966956933,field probes,raw/msl/0.03_16/one_port/witness_00.npz,0.5*dx^3*sum_interior(eps0*eps_r*sum(E_i^2)+mu0*mu_r*sum(H_i^2)); same-step Yee samples,"last source-table sample > 1e-6 of that source peak, then one step",11698,1.1151556411886853e-09,3.576082430903147e-22,-15.020888551827575,1.3169205297575215e-23,-14.338479529646,truncation-suspect,
msl,0.1,16,two_port/0,25177,9.53287434765503e-14,5.1382222347603564e-24,-95.54550219317926,field probes,raw/msl/0.1_16/two_port/witness_00.npz,0.5*dx^3*sum_interior(eps0*eps_r*sum(E_i^2)+mu0*mu_r*sum(H_i^2)); same-step Yee samples,"last source-table sample > 1e-6 of that source peak, then one step",11698,1.1151556411886853e-09,3.0644749580843465e-22,-17.755431926512586,6.76999324455405e-24,-16.55767841462029,truncation-suspect,
msl,0.1,16,two_port/1,25177,9.53287434765503e-14,3.867311701755488e-24,-94.9570827560126,field probes,raw/msl/0.1_16/two_port/witness_01.npz,0.5*dx^3*sum_interior(eps0*eps_r*sum(E_i^2)+mu0*mu_r*sum(H_i^2)); same-step Yee samples,"last source-table sample > 1e-6 of that source peak, then one step",11698,1.1151556411886853e-09,2.418260551801957e-22,-17.960939142251984,5.3325632463574366e-24,-16.565670763833044,truncation-suspect,
msl,0.1,16,one_port/0,25177,9.53287434765503e-14,3.847000900028763e-24,-95.41756636296603,field probes,raw/msl/0.1_16/one_port/witness_00.npz,0.5*dx^3*sum_interior(eps0*eps_r*sum(E_i^2)+mu0*mu_r*sum(H_i^2)); same-step Yee samples,"last source-table sample > 1e-6 of that source peak, then one step",11698,1.1151556411886853e-09,2.3155359682482907e-22,-17.795292435587143,4.980135298214971e-24,-16.674103898220473,truncation-suspect,
msl,0.3,16,two_port/0,25177,9.53287434765503e-14,3.819208689388341e-25,-89.95541329569213,field probes,raw/msl/0.3_16/two_port/witness_00.npz,0.5*dx^3*sum_interior(eps0*eps_r*sum(E_i^2)+mu0*mu_r*sum(H_i^2)); same-step Yee samples,"last source-table sample > 1e-6 of that source peak, then one step",11698,1.1151556411886853e-09,9.237530276790564e-23,-23.835824850802396,5.762794573429588e-25,-22.049227362979078,truncation-suspect,
msl,0.3,16,two_port/1,25177,9.53287434765503e-14,2.8735986571095855e-25,-92.67076812300328,field probes,raw/msl/0.3_16/two_port/witness_01.npz,0.5*dx^3*sum_interior(eps0*eps_r*sum(E_i^2)+mu0*mu_r*sum(H_i^2)); same-step Yee samples,"last source-table sample > 1e-6 of that source peak, then one step",11698,1.1151556411886853e-09,7.722185275846176e-23,-24.293141052646817,4.34277000224577e-25,-22.499733880273915,truncation-suspect,
msl,0.3,16,one_port/0,25177,9.53287434765503e-14,4.26020190344855e-25,-89.46411864822524,field probes,raw/msl/0.3_16/one_port/witness_00.npz,0.5*dx^3*sum_interior(eps0*eps_r*sum(E_i^2)+mu0*mu_r*sum(H_i^2)); same-step Yee samples,"last source-table sample > 1e-6 of that source peak, then one step",11698,1.1151556411886853e-09,7.086677037333956e-23,-22.21012458937865,5.950119949173698e-25,-20.759169202053407,truncation-suspect,
msl,1,16,two_port/0,25177,9.53287434765503e-14,2.0121482505043335e-25,-87.17115752338471,field probes,raw/msl/1_16/two_port/witness_00.npz,0.5*dx^3*sum_interior(eps0*eps_r*sum(E_i^2)+mu0*mu_r*sum(H_i^2)); same-step Yee samples,"last source-table sample > 1e-6 of that source peak, then one step",11698,1.1151556411886853e-09,1.1542678240648978e-23,-17.58646614206234,2.7171367247251486e-25,-16.281950971869556,truncation-suspect,
msl,1,16,two_port/1,25177,9.53287434765503e-14,1.991677803051914e-25,-91.80029880057397,field probes,raw/msl/1_16/two_port/witness_01.npz,0.5*dx^3*sum_interior(eps0*eps_r*sum(E_i^2)+mu0*mu_r*sum(H_i^2)); same-step Yee samples,"last source-table sample > 1e-6 of that source peak, then one step",11698,1.1151556411886853e-09,3.03313389297315e-23,-21.826724987403367,2.6862185541401755e-25,-20.52750237468798,truncation-suspect,
msl,1,16,one_port/0,25177,9.53287434765503e-14,3.7004962165090585e-25,-86.24433175459555,field probes,raw/msl/1_16/one_port/witness_00.npz,0.5*dx^3*sum_interior(eps0*eps_r*sum(E_i^2)+mu0*mu_r*sum(H_i^2)); same-step Yee samples,"last source-table sample > 1e-6 of that source peak, then one step",11698,1.1151556411886853e-09,3.298619666371126e-23,-19.500722794011796,5.009364369690446e-25,-18.185496214876643,truncation-suspect,
msl,3,16,two_port/0,25177,9.53287434765503e-14,1.0139108420479553e-25,-78.18135543648917,field probes,raw/msl/3_16/two_port/witness_00.npz,0.5*dx^3*sum_interior(eps0*eps_r*sum(E_i^2)+mu0*mu_r*sum(H_i^2)); same-step Yee samples,"last source-table sample > 1e-6 of that source peak, then one step",11698,1.1151556411886853e-09,1.9229358622645148e-23,-22.77965031873295,1.2005210660776761e-25,-22.045950137733698,truncation-suspect,
msl,3,16,two_port/1,25177,9.53287434765503e-14,1.1130217238062095e-25,-77.31776029454386,field probes,raw/msl/3_16/two_port/witness_01.npz,0.5*dx^3*sum_interior(eps0*eps_r*sum(E_i^2)+mu0*mu_r*sum(H_i^2)); same-step Yee samples,"last source-table sample > 1e-6 of that source peak, then one step",11698,1.1151556411886853e-09,5.412105826924863e-23,-26.868626391732732,1.1130217238062095e-25,-26.868626391732732,truncation-suspect,
msl,3,16,one_port/0,25177,9.53287434765503e-14,1.1104388206391929e-25,-79.0204729607842,field probes,raw/msl/3_16/one_port/witness_00.npz,0.5*dx^3*sum_interior(eps0*eps_r*sum(E_i^2)+mu0*mu_r*sum(H_i^2)); same-step Yee samples,"last source-table sample > 1e-6 of that source peak, then one step",11698,1.1151556411886853e-09,7.0489436114267e-23,-28.02629400216082,2.3784883523560507e-25,-24.71823007422247,truncation-suspect,
msl_low,0,4,two_port/0,25177,9.53287434765503e-14,4.944743761674078e-28,-118.85960508558482,field probes,raw/msl_low/0_4/two_port/witness_00.npz,0.5*dx^3*sum_interior(eps0*eps_r*sum(E_i^2)+mu0*mu_r*sum(H_i^2)); same-step Yee samples,"last source-table sample > 1e-6 of that source peak, then one step",15037,1.4334583156568868e-09,8.522899565585993e-25,-32.36443579491197,1.173085084684232e-27,-28.612578577763543,truncation-suspect,
msl_low,0,4,two_port/1,25177,9.53287434765503e-14,5.700917016516237e-30,-122.10025852599655,field probes,raw/msl_low/0_4/two_port/witness_01.npz,0.5*dx^3*sum_interior(eps0*eps_r*sum(E_i^2)+mu0*mu_r*sum(H_i^2)); same-step Yee samples,"last source-table sample > 1e-6 of that source peak, then one step",15037,1.4334583156568868e-09,2.558760171456958e-26,-36.520848626715676,9.411659278672234e-30,-34.34363385620455,truncation-suspect,
msl_low,0,4,one_port/0,25177,9.53287434765503e-14,5.077559261016424e-28,-118.23182687402833,field probes,raw/msl_low/0_4/one_port/witness_00.npz,0.5*dx^3*sum_interior(eps0*eps_r*sum(E_i^2)+mu0*mu_r*sum(H_i^2)); same-step Yee samples,"last source-table sample > 1e-6 of that source peak, then one step",15037,1.4334583156568868e-09,6.50912502902174e-25,-31.078676128393973,1.2114111868740352e-27,-27.30231033793928,truncation-suspect,
msl_low,0.01,4,two_port/0,25177,9.53287434765503e-14,5.721620471519643e-27,-94.24877906263332,field probes,raw/msl_low/0.01_4/two_port/witness_00.npz,0.5*dx^3*sum_interior(eps0*eps_r*sum(E_i^2)+mu0*mu_r*sum(H_i^2)); same-step Yee samples,"last source-table sample > 1e-6 of that source peak, then one step",15037,1.4334583156568868e-09,7.6408105855478965e-25,-21.25620387072161,6.3784018715265556e-27,-20.78427555212761,truncation-suspect,
msl_low,0.01,4,two_port/1,25177,9.53287434765503e-14,5.339927734375325e-27,-92.75454393098846,field probes,raw/msl_low/0.01_4/two_port/witness_01.npz,0.5*dx^3*sum_interior(eps0*eps_r*sum(E_i^2)+mu0*mu_r*sum(H_i^2)); same-step Yee samples,"last source-table sample > 1e-6 of that source peak, then one step",15037,1.4334583156568868e-09,2.644900238595995e-26,-6.948739160573494,5.388776251112785e-27,-6.909191442797063,truncation-suspect,
msl_low,0.01,4,one_port/0,25177,9.53287434765503e-14,1.0241590850605891e-26,-93.41504722735742,field probes,raw/msl_low/0.01_4/one_port/witness_00.npz,0.5*dx^3*sum_interior(eps0*eps_r*sum(E_i^2)+mu0*mu_r*sum(H_i^2)); same-step Yee samples,"last source-table sample > 1e-6 of that source peak, then one step",15037,1.4334583156568868e-09,5.447294584767102e-25,-17.258134402892264,1.0950705930177627e-26,-16.967387455696684,truncation-suspect,
msl_low,0.03,4,two_port/0,25177,9.53287434765503e-14,3.4212313209327353e-25,-76.2832345925278,field probes,raw/msl_low/0.03_4/two_port/witness_00.npz,0.5*dx^3*sum_interior(eps0*eps_r*sum(E_i^2)+mu0*mu_r*sum(H_i^2)); same-step Yee samples,"last source-table sample > 1e-6 of that source peak, then one step",15037,1.4334583156568868e-09,5.590413181458758e-25,-2.132614680278817,3.5207177744375845e-25,-2.0081269448875685,truncation-suspect,
msl_low,0.03,4,two_port/1,25177,9.53287434765503e-14,3.4102696056166235e-25,-74.913297901525,field probes,raw/msl_low/0.03_4/two_port/witness_01.npz,0.5*dx^3*sum_interior(eps0*eps_r*sum(E_i^2)+mu0*mu_r*sum(H_i^2)); same-step Yee samples,"last source-table sample > 1e-6 of that source peak, then one step",15037,1.4334583156568868e-09,4.129878137601513e-25,-0.831485225390177,3.5051757354905333e-25,-0.7122744026235888,truncation-suspect,
msl_low,0.03,4,one_port/0,25177,9.53287434765503e-14,6.331608152557922e-25,-75.52436362282363,field probes,raw/msl_low/0.03_4/one_port/witness_00.npz,0.5*dx^3*sum_interior(eps0*eps_r*sum(E_i^2)+mu0*mu_r*sum(H_i^2)); same-step Yee samples,"last source-table sample > 1e-6 of that source peak, then one step",15037,1.4334583156568868e-09,9.025905874962725e-25,-1.5397677062648352,6.507499482518919e-25,-1.4207665799992637,truncation-suspect,
msl_low,0.1,4,two_port/0,25177,9.53287434765503e-14,1.7688874202373177e-23,-59.30789069317104,field probes,raw/msl_low/0.1_4/two_port/witness_00.npz,0.5*dx^3*sum_interior(eps0*eps_r*sum(E_i^2)+mu0*mu_r*sum(H_i^2)); same-step Yee samples,"last source-table sample > 1e-6 of that source peak, then one step",15037,1.4334583156568868e-09,3.744783617146026e-23,-3.2572653477036195,1.967727700007326e-23,-2.7946172885643756,truncation-suspect,
msl_low,0.1,4,two_port/1,25177,9.53287434765503e-14,1.7448688144838725e-23,-58.22426756455508,field probes,raw/msl_low/0.1_4/two_port/witness_01.npz,0.5*dx^3*sum_interior(eps0*eps_r*sum(E_i^2)+mu0*mu_r*sum(H_i^2)); same-step Yee samples,"last source-table sample > 1e-6 of that source peak, then one step",15037,1.4334583156568868e-09,3.878078706478669e-23,-3.4685383823553337,1.941515272076461e-23,-3.00475807854074,truncation-suspect,
msl_low,0.1,4,one_port/0,25177,9.53287434765503e-14,3.352104120200749e-23,-58.35589765271009,field probes,raw/msl_low/0.1_4/one_port/witness_00.npz,0.5*dx^3*sum_interior(eps0*eps_r*sum(E_i^2)+mu0*mu_r*sum(H_i^2)); same-step Yee samples,"last source-table sample > 1e-6 of that source peak, then one step",15037,1.4334583156568868e-09,7.000566874186203e-23,-3.1981570878481156,3.72337424772269e-23,-2.7419651795980253,truncation-suspect,
msl_low,0.3,4,two_port/0,25177,9.53287434765503e-14,1.6839414580134897e-23,-54.3331823152936,field probes,raw/msl_low/0.3_4/two_port/witness_00.npz,0.5*dx^3*sum_interior(eps0*eps_r*sum(E_i^2)+mu0*mu_r*sum(H_i^2)); same-step Yee samples,"last source-table sample > 1e-6 of that source peak, then one step",15037,1.4334583156568868e-09,1.2466350962287883e-21,-18.69412360080075,4.3554209645828e-23,-14.567092120750045,truncation-suspect,
msl_low,0.3,4,two_port/1,25177,9.53287434765503e-14,1.327900132494659e-23,-55.39139037456255,field probes,raw/msl_low/0.3_4/two_port/witness_01.npz,0.5*dx^3*sum_interior(eps0*eps_r*sum(E_i^2)+mu0*mu_r*sum(H_i^2)); same-step Yee samples,"last source-table sample > 1e-6 of that source peak, then one step",15037,1.4334583156568868e-09,1.2344966852208736e-21,-19.683245138983455,3.804261836133518e-23,-15.112195276304249,truncation-suspect,
msl_low,0.3,4,one_port/0,25177,9.53287434765503e-14,3.447540828058749e-23,-53.28804966355801,field probes,raw/msl_low/0.3_4/one_port/witness_00.npz,0.5*dx^3*sum_interior(eps0*eps_r*sum(E_i^2)+mu0*mu_r*sum(H_i^2)); same-step Yee samples,"last source-table sample > 1e-6 of that source peak, then one step",15037,1.4334583156568868e-09,2.4447551205687395e-21,-18.50725946355551,8.852252503946794e-23,-14.411815710760331,truncation-suspect,
msl_low,1,4,two_port/0,25177,9.53287434765503e-14,4.413358746481674e-21,-32.653205663155504,field probes,raw/msl_low/1_4/two_port/witness_00.npz,0.5*dx^3*sum_interior(eps0*eps_r*sum(E_i^2)+mu0*mu_r*sum(H_i^2)); same-step Yee samples,"last source-table sample > 1e-6 of that source peak, then one step",15037,1.4334583156568868e-09,1.0498819480386678e-20,-3.7637123724537425,6.064416499795702e-21,-2.383514477221867,truncation-suspect,
msl_low,1,4,two_port/1,25177,9.53287434765503e-14,3.935633266060674e-21,-32.44862751526435,field probes,raw/msl_low/1_4/two_port/witness_01.npz,0.5*dx^3*sum_interior(eps0*eps_r*sum(E_i^2)+mu0*mu_r*sum(H_i^2)); same-step Yee samples,"last source-table sample > 1e-6 of that source peak, then one step",15037,1.4334583156568868e-09,1.0298468096531952e-20,-4.177580051366393,5.562123593623164e-21,-2.6753199302647888,truncation-suspect,
msl_low,1,4,one_port/0,25177,9.53287434765503e-14,8.54290972453313e-21,-31.70051390038668,field probes,raw/msl_low/1_4/one_port/witness_00.npz,0.5*dx^3*sum_interior(eps0*eps_r*sum(E_i^2)+mu0*mu_r*sum(H_i^2)); same-step Yee samples,"last source-table sample > 1e-6 of that source peak, then one step",15037,1.4334583156568868e-09,2.0139133729281284e-20,-3.7243496867838144,1.1831037477755944e-20,-2.3101795564890057,truncation-suspect,
msl_low,3,4,two_port/0,25177,9.53287434765503e-14,1.5249976090035777e-20,-23.33595179764304,field probes,raw/msl_low/3_4/two_port/witness_00.npz,0.5*dx^3*sum_interior(eps0*eps_r*sum(E_i^2)+mu0*mu_r*sum(H_i^2)); same-step Yee samples,"last source-table sample > 1e-6 of that source peak, then one step",15037,1.4334583156568868e-09,2.8272250100419975e-19,-12.680912112450828,2.1208631409285466e-20,-11.248477295672618,truncation-suspect,
msl_low,3,4,two_port/1,25177,9.53287434765503e-14,1.4249987430880192e-20,-22.450529696338528,field probes,raw/msl_low/3_4/two_port/witness_01.npz,0.5*dx^3*sum_interior(eps0*eps_r*sum(E_i^2)+mu0*mu_r*sum(H_i^2)); same-step Yee samples,"last source-table sample > 1e-6 of that source peak, then one step",15037,1.4334583156568868e-09,1.9272814549057427e-19,-11.311306611860456,1.90698218417975e-20,-10.045985067584002,truncation-suspect,
msl_low,3,4,one_port/0,25177,9.53287434765503e-14,1.7300233711127954e-20,-23.647813468055038,field probes,raw/msl_low/3_4/one_port/witness_00.npz,0.5*dx^3*sum_interior(eps0*eps_r*sum(E_i^2)+mu0*mu_r*sum(H_i^2)); same-step Yee samples,"last source-table sample > 1e-6 of that source peak, then one step",15037,1.4334583156568868e-09,5.377793260361041e-19,-14.925521324243709,2.9407828202257206e-20,-12.62141149927694,truncation-suspect,
msl_low,0,8,two_port/0,25177,9.53287434765503e-14,3.528879329363001e-23,-77.07174051620625,field probes,raw/msl_low/0_8/two_port/witness_00.npz,0.5*dx^3*sum_interior(eps0*eps_r*sum(E_i^2)+mu0*mu_r*sum(H_i^2)); same-step Yee samples,"last source-table sample > 1e-6 of that source peak, then one step",15037,1.4334583156568868e-09,2.153631973596256e-21,-17.855346824449043,5.398476203748816e-23,-16.009002989227117,truncation-suspect,
msl_low,0,8,two_port/1,25177,9.53287434765503e-14,2.960530290700229e-23,-78.29820096621799,field probes,raw/msl_low/0_8/two_port/witness_01.npz,0.5*dx^3*sum_interior(eps0*eps_r*sum(E_i^2)+mu0*mu_r*sum(H_i^2)); same-step Yee samples,"last source-table sample > 1e-6 of that source peak, then one step",15037,1.4334583156568868e-09,1.0832781333853067e-21,-15.633704678122225,4.272600035865456e-23,-14.040477369429972,truncation-suspect,
msl_low,0,8,one_port/0,25177,9.53287434765503e-14,2.121854712580683e-23,-76.89996510609339,field probes,raw/msl_low/0_8/one_port/witness_00.npz,0.5*dx^3*sum_interior(eps0*eps_r*sum(E_i^2)+mu0*mu_r*sum(H_i^2)); same-step Yee samples,"last source-table sample > 1e-6 of that source peak, then one step",15037,1.4334583156568868e-09,1.3452865826695195e-21,-18.02099167127142,3.2459379573986566e-23,-16.174745962438777,truncation-suspect,
msl_low,0.01,8,two_port/0,25177,9.53287434765503e-14,3.197004599903435e-23,-77.36404849388893,field probes,raw/msl_low/0.01_8/two_port/witness_00.npz,0.5*dx^3*sum_interior(eps0*eps_r*sum(E_i^2)+mu0*mu_r*sum(H_i^2)); same-step Yee samples,"last source-table sample > 1e-6 of that source peak, then one step",15037,1.4334583156568868e-09,2.0586794748727676e-21,-18.08845473465068,4.945427074993147e-23,-16.19384932444812,truncation-suspect,
msl_low,0.01,8,two_port/1,25177,9.53287434765503e-14,2.63764210690076e-23,-78.48479329756901,field probes,raw/msl_low/0.01_8/two_port/witness_01.npz,0.5*dx^3*sum_interior(eps0*eps_r*sum(E_i^2)+mu0*mu_r*sum(H_i^2)); same-step Yee samples,"last source-table sample > 1e-6 of that source peak, then one step",15037,1.4334583156568868e-09,1.0311881710659487e-21,-15.921220553096614,3.864011738816768e-23,-14.262994853820333,truncation-suspect,
msl_low,0.01,8,one_port/0,25177,9.53287434765503e-14,1.9330214489377654e-23,-77.17936078019721,field probes,raw/msl_low/0.01_8/one_port/witness_00.npz,0.5*dx^3*sum_interior(eps0*eps_r*sum(E_i^2)+mu0*mu_r*sum(H_i^2)); same-step Yee samples,"last source-table sample > 1e-6 of that source peak, then one step",15037,1.4334583156568868e-09,1.2859559627128383e-21,-18.229894235046494,2.984471903629325e-23,-16.3435860180278,truncation-suspect,
msl_low,0.03,8,two_port/0,25177,9.53287434765503e-14,2.6215009083746708e-23,-78.16592555959515,field probes,raw/msl_low/0.03_8/two_port/witness_00.npz,0.5*dx^3*sum_interior(eps0*eps_r*sum(E_i^2)+mu0*mu_r*sum(H_i^2)); same-step Yee samples,"last source-table sample > 1e-6 of that source peak, then one step",15037,1.4334583156568868e-09,1.881863560487806e-21,-18.560381203294522,4.1431059939185304e-23,-16.57262088782355,truncation-suspect,
msl_low,0.03,8,two_port/1,25177,9.53287434765503e-14,2.0875520427502336e-23,-79.20687055274236,field probes,raw/msl_low/0.03_8/two_port/witness_01.npz,0.5*dx^3*sum_interior(eps0*eps_r*sum(E_i^2)+mu0*mu_r*sum(H_i^2)); same-step Yee samples,"last source-table sample > 1e-6 of that source peak, then one step",15037,1.4334583156568868e-09,9.348811035048874e-22,-16.511190703261164,3.150626836196768e-23,-14.72359413703636,truncation-suspect,
msl_low,0.03,8,one_port/0,25177,9.53287434765503e-14,1.6029528954067935e-23,-78.03125375169303,field probes,raw/msl_low/0.03_8/one_port/witness_00.npz,0.5*dx^3*sum_interior(eps0*eps_r*sum(E_i^2)+mu0*mu_r*sum(H_i^2)); same-step Yee samples,"last source-table sample > 1e-6 of that source peak, then one step",15037,1.4334583156568868e-09,1.1755694571766861e-21,-18.65327533707154,2.5192307718112842e-23,-16.68980341545893,truncation-suspect,
msl_low,0.1,8,two_port/0,25177,9.53287434765503e-14,1.3122967793337496e-23,-87.61367923646728,field probes,raw/msl_low/0.1_8/two_port/witness_00.npz,0.5*dx^3*sum_interior(eps0*eps_r*sum(E_i^2)+mu0*mu_r*sum(H_i^2)); same-step Yee samples,"last source-table sample > 1e-6 of that source peak, then one step",15037,1.4334583156568868e-09,1.3880920686529842e-21,-20.243862097587574,2.21580567980979e-23,-17.96886601464043,truncation-suspect,
msl_low,0.1,8,two_port/1,25177,9.53287434765503e-14,9.241803694086327e-24,-89.58754633870221,field probes,raw/msl_low/0.1_8/two_port/witness_01.npz,0.5*dx^3*sum_interior(eps0*eps_r*sum(E_i^2)+mu0*mu_r*sum(H_i^2)); same-step Yee samples,"last source-table sample > 1e-6 of that source peak, then one step",15037,1.4334583156568868e-09,6.722474219998581e-22,-18.617724060278032,1.5325615746564743e-23,-16.421112129696347,truncation-suspect,
msl_low,0.1,8,one_port/0,25177,9.53287434765503e-14,8.45368984014256e-24,-89.7142371095302,field probes,raw/msl_low/0.1_8/one_port/witness_00.npz,0.5*dx^3*sum_interior(eps0*eps_r*sum(E_i^2)+mu0*mu_r*sum(H_i^2)); same-step Yee samples,"last source-table sample > 1e-6 of that source peak, then one step",15037,1.4334583156568868e-09,8.678293906869415e-22,-20.11388044417756,1.393892922609647e-23,-17.942049412505522,truncation-suspect,
msl_low,0.3,8,two_port/0,25177,9.53287434765503e-14,4.523640030594844e-24,-71.14008244877178,field probes,raw/msl_low/0.3_8/two_port/witness_00.npz,0.5*dx^3*sum_interior(eps0*eps_r*sum(E_i^2)+mu0*mu_r*sum(H_i^2)); same-step Yee samples,"last source-table sample > 1e-6 of that source peak, then one step",15037,1.4334583156568868e-09,6.165196118388554e-22,-21.344588577325197,7.298671257154163e-24,-19.26703093474207,truncation-suspect,
msl_low,0.3,8,two_port/1,25177,9.53287434765503e-14,3.4347690122310396e-24,-72.27382886056532,field probes,raw/msl_low/0.3_8/two_port/witness_01.npz,0.5*dx^3*sum_interior(eps0*eps_r*sum(E_i^2)+mu0*mu_r*sum(H_i^2)); same-step Yee samples,"last source-table sample > 1e-6 of that source peak, then one step",15037,1.4334583156568868e-09,3.011464767430943e-22,-19.42880250386906,5.2874526299228256e-24,-17.55531296943525,truncation-suspect,
msl_low,0.3,8,one_port/0,25177,9.53287434765503e-14,6.669534963717775e-24,-69.30805182927152,field probes,raw/msl_low/0.3_8/one_port/witness_00.npz,0.5*dx^3*sum_interior(eps0*eps_r*sum(E_i^2)+mu0*mu_r*sum(H_i^2)); same-step Yee samples,"last source-table sample > 1e-6 of that source peak, then one step",15037,1.4334583156568868e-09,3.985665323781138e-22,-17.76405274601653,9.737812610018522e-24,-16.120394152712773,truncation-suspect,
msl_low,1,8,two_port/0,25177,9.53287434765503e-14,2.6063656652749194e-24,-59.62621657393392,field probes,raw/msl_low/1_8/two_port/witness_00.npz,0.5*dx^3*sum_interior(eps0*eps_r*sum(E_i^2)+mu0*mu_r*sum(H_i^2)); same-step Yee samples,"last source-table sample > 1e-6 of that source peak, then one step",15037,1.4334583156568868e-09,1.3789084150516653e-22,-17.235000761083693,1.3140468672519824e-23,-10.20924566773119,truncation-suspect,
msl_low,1,8,two_port/1,25177,9.53287434765503e-14,3.0063704062569433e-24,-59.50563004724664,field probes,raw/msl_low/1_8/two_port/witness_01.npz,0.5*dx^3*sum_interior(eps0*eps_r*sum(E_i^2)+mu0*mu_r*sum(H_i^2)); same-step Yee samples,"last source-table sample > 1e-6 of that source peak, then one step",15037,1.4334583156568868e-09,1.528118489157216e-22,-17.061145426901373,1.0587610653585141e-23,-11.593590681371978,truncation-suspect,
msl_low,1,8,one_port/0,25177,9.53287434765503e-14,2.192952063841175e-24,-58.27699252797467,field probes,raw/msl_low/1_8/one_port/witness_00.npz,0.5*dx^3*sum_interior(eps0*eps_r*sum(E_i^2)+mu0*mu_r*sum(H_i^2)); same-step Yee samples,"last source-table sample > 1e-6 of that source peak, then one step",15037,1.4334583156568868e-09,2.9103562758821485e-22,-21.229170186334258,2.857429956920188e-23,-10.079705635840597,truncation-suspect,
msl_low,3,8,two_port/0,25177,9.53287434765503e-14,1.0980850096622719e-20,-36.30426803016908,field probes,raw/msl_low/3_8/two_port/witness_00.npz,0.5*dx^3*sum_interior(eps0*eps_r*sum(E_i^2)+mu0*mu_r*sum(H_i^2)); same-step Yee samples,"last source-table sample > 1e-6 of that source peak, then one step",15037,1.4334583156568868e-09,1.3298947022913719e-20,-0.8318129310547573,1.1546254702490422e-20,-0.6137612247866379,truncation-suspect,
msl_low,3,8,two_port/1,25177,9.53287434765503e-14,1.0605340794679188e-20,-35.36609339641671,field probes,raw/msl_low/3_8/two_port/witness_01.npz,0.5*dx^3*sum_interior(eps0*eps_r*sum(E_i^2)+mu0*mu_r*sum(H_i^2)); same-step Yee samples,"last source-table sample > 1e-6 of that source peak, then one step",15037,1.4334583156568868e-09,1.2747634375821394e-20,-0.7990496985968762,1.1305776980991205e-20,-0.5212918439668466,truncation-suspect,
msl_low,3,8,one_port/0,25177,9.53287434765503e-14,2.107993373819958e-20,-34.23449098103215,field probes,raw/msl_low/3_8/one_port/witness_00.npz,0.5*dx^3*sum_interior(eps0*eps_r*sum(E_i^2)+mu0*mu_r*sum(H_i^2)); same-step Yee samples,"last source-table sample > 1e-6 of that source peak, then one step",15037,1.4334583156568868e-09,2.4596157353127458e-20,-0.6699802136734506,2.1747182533607173e-20,-0.5346426305592928,truncation-suspect,
msl_low,0,16,two_port/0,25177,9.53287434765503e-14,2.9412145581193496e-23,-92.43883885019237,field probes,raw/msl_low/0_16/two_port/witness_00.npz,0.5*dx^3*sum_interior(eps0*eps_r*sum(E_i^2)+mu0*mu_r*sum(H_i^2)); same-step Yee samples,"last source-table sample > 1e-6 of that source peak, then one step",15037,1.4334583156568868e-09,5.69449127283208e-22,-12.86928224773,4.0346101670911396e-23,-11.496533531067936,truncation-suspect,
msl_low,0,16,two_port/1,25177,9.53287434765503e-14,3.0908116158305655e-23,-93.61416645097592,field probes,raw/msl_low/0_16/two_port/witness_01.npz,0.5*dx^3*sum_interior(eps0*eps_r*sum(E_i^2)+mu0*mu_r*sum(H_i^2)); same-step Yee samples,"last source-table sample > 1e-6 of that source peak, then one step",15037,1.4334583156568868e-09,4.459580896330734e-22,-11.592215106550437,4.288606970265477e-23,-10.1697779927889,truncation-suspect,
msl_low,0,16,one_port/0,25177,9.53287434765503e-14,1.94733675001263e-23,-93.45955780566426,field probes,raw/msl_low/0_16/one_port/witness_00.npz,0.5*dx^3*sum_interior(eps0*eps_r*sum(E_i^2)+mu0*mu_r*sum(H_i^2)); same-step Yee samples,"last source-table sample > 1e-6 of that source peak, then one step",15037,1.4334583156568868e-09,4.317622788972444e-22,-13.458036374203758,2.4588251679436146e-23,-12.445170475202112,truncation-suspect,
msl_low,0.01,16,two_port/0,25177,9.53287434765503e-14,2.5779756657012825e-23,-92.67371786418403,field probes,raw/msl_low/0.01_16/two_port/witness_00.npz,0.5*dx^3*sum_interior(eps0*eps_r*sum(E_i^2)+mu0*mu_r*sum(H_i^2)); same-step Yee samples,"last source-table sample > 1e-6 of that source peak, then one step",15037,1.4334583156568868e-09,5.350656465416277e-22,-13.171282547436938,3.5198364590342716e-23,-11.81884582872426,truncation-suspect,
msl_low,0.01,16,two_port/1,25177,9.53287434765503e-14,2.697552463892132e-23,-93.662902735836,field probes,raw/msl_low/0.01_16/two_port/witness_01.npz,0.5*dx^3*sum_interior(eps0*eps_r*sum(E_i^2)+mu0*mu_r*sum(H_i^2)); same-step Yee samples,"last source-table sample > 1e-6 of that source peak, then one step",15037,1.4334583156568868e-09,4.1927851089591116e-22,-11.915327043619167,3.7538731880403447e-23,-10.480230069055555,truncation-suspect,
msl_low,0.01,16,one_port/0,25177,9.53287434765503e-14,1.712953868841346e-23,-93.41107388223905,field probes,raw/msl_low/0.01_16/one_port/witness_00.npz,0.5*dx^3*sum_interior(eps0*eps_r*sum(E_i^2)+mu0*mu_r*sum(H_i^2)); same-step Yee samples,"last source-table sample > 1e-6 of that source peak, then one step",15037,1.4334583156568868e-09,4.0554382406906365e-22,-13.742921247791578,2.1436474684039566e-23,-12.768844266308017,truncation-suspect,
msl_low,0.03,16,two_port/0,25177,9.53287434765503e-14,1.9878274025558142e-23,-93.42493725861502,field probes,raw/msl_low/0.03_16/two_port/witness_00.npz,0.5*dx^3*sum_interior(eps0*eps_r*sum(E_i^2)+mu0*mu_r*sum(H_i^2)); same-step Yee samples,"last source-table sample > 1e-6 of that source peak, then one step",15037,1.4334583156568868e-09,4.721872982131141e-22,-13.757356272917027,2.688833973167629e-23,-12.445503136590316,truncation-suspect,
msl_low,0.03,16,two_port/1,25177,9.53287434765503e-14,2.0603005272350116e-23,-94.87477440066398,field probes,raw/msl_low/0.03_16/two_port/witness_01.npz,0.5*dx^3*sum_interior(eps0*eps_r*sum(E_i^2)+mu0*mu_r*sum(H_i^2)); same-step Yee samples,"last source-table sample > 1e-6 of that source peak, then one step",15037,1.4334583156568868e-09,3.704705885955071e-22,-12.548231616742207,2.88304363942399e-23,-11.08902519172895,truncation-suspect,
msl_low,0.03,16,one_port/0,25177,9.53287434765503e-14,1.330937562524122e-23,-94.06895385136437,field probes,raw/msl_low/0.03_16/one_port/witness_00.npz,0.5*dx^3*sum_interior(eps0*eps_r*sum(E_i^2)+mu0*mu_r*sum(H_i^2)); same-step Yee samples,"last source-table sample > 1e-6 of that source peak, then one step",15037,1.4334583156568868e-09,3.5762331348904804e-22,-14.29268140578756,1.63727023805008e-23,-13.39305455352167,truncation-suspect,
msl_low,0.1,16,two_port/0,25177,9.53287434765503e-14,8.244714275462272e-24,-99.73931736495376,field probes,raw/msl_low/0.1_16/two_port/witness_00.npz,0.5*dx^3*sum_interior(eps0*eps_r*sum(E_i^2)+mu0*mu_r*sum(H_i^2)); same-step Yee samples,"last source-table sample > 1e-6 of that source peak, then one step",15037,1.4334583156568868e-09,3.0645867870062706e-22,-15.701963152283852,1.0894808078435402e-23,-14.491523406127513,truncation-suspect,
msl_low,0.1,16,two_port/1,25177,9.53287434765503e-14,8.210898175038162e-24,-100.03588290435488,field probes,raw/msl_low/0.1_16/two_port/witness_01.npz,0.5*dx^3*sum_interior(eps0*eps_r*sum(E_i^2)+mu0*mu_r*sum(H_i^2)); same-step Yee samples,"last source-table sample > 1e-6 of that source peak, then one step",15037,1.4334583156568868e-09,2.418353195626666e-22,-14.69129062601742,1.1771563076855234e-23,-13.126855949028876,truncation-suspect,
msl_low,0.1,16,one_port/0,25177,9.53287434765503e-14,5.665387212144255e-24,-100.50180521154226,field probes,raw/msl_low/0.1_16/one_port/witness_00.npz,0.5*dx^3*sum_interior(eps0*eps_r*sum(E_i^2)+mu0*mu_r*sum(H_i^2)); same-step Yee samples,"last source-table sample > 1e-6 of that source peak, then one step",15037,1.4334583156568868e-09,2.31563618513769e-22,-16.11440729489174,6.686070277152113e-24,-15.394993902809341,truncation-suspect,
msl_low,0.3,16,two_port/0,25177,9.53287434765503e-14,9.40917789006888e-25,-89.41999746288712,field probes,raw/msl_low/0.3_16/two_port/witness_00.npz,0.5*dx^3*sum_interior(eps0*eps_r*sum(E_i^2)+mu0*mu_r*sum(H_i^2)); same-step Yee samples,"last source-table sample > 1e-6 of that source peak, then one step",15037,1.4334583156568868e-09,9.238060391318872e-23,-19.92029117613827,1.2572004262949664e-24,-18.6617627739508,truncation-suspect,
msl_low,0.3,16,two_port/1,25177,9.53287434765503e-14,8.289978522558174e-25,-90.96633259829187,field probes,raw/msl_low/0.3_16/two_port/witness_01.npz,0.5*dx^3*sum_interior(eps0*eps_r*sum(E_i^2)+mu0*mu_r*sum(H_i^2)); same-step Yee samples,"last source-table sample > 1e-6 of that source peak, then one step",15037,1.4334583156568868e-09,7.72241246778688e-23,-19.69199588954481,1.2731731832962683e-24,-17.82865511798938,truncation-suspect,
msl_low,0.3,16,one_port/0,25177,9.53287434765503e-14,9.01297447257389e-25,-87.40127600112763,field probes,raw/msl_low/0.3_16/one_port/witness_00.npz,0.5*dx^3*sum_interior(eps0*eps_r*sum(E_i^2)+mu0*mu_r*sum(H_i^2)); same-step Yee samples,"last source-table sample > 1e-6 of that source peak, then one step",15037,1.4334583156568868e-09,7.08679694419155e-23,-18.95581848216866,1.0923857881270166e-24,-18.120739478743335,truncation-suspect,
msl_low,1,16,two_port/0,25177,9.53287434765503e-14,4.679072746017e-25,-83.27435848656495,field probes,raw/msl_low/1_16/two_port/witness_00.npz,0.5*dx^3*sum_interior(eps0*eps_r*sum(E_i^2)+mu0*mu_r*sum(H_i^2)); same-step Yee samples,"last source-table sample > 1e-6 of that source peak, then one step",15037,1.4334583156568868e-09,1.1540970356789175e-23,-13.920825282690545,6.714631183440866e-25,-12.352201624972405,truncation-suspect,
msl_low,1,16,two_port/1,25177,9.53287434765503e-14,4.614237747331083e-25,-88.59973194172058,field probes,raw/msl_low/1_16/two_port/witness_01.npz,0.5*dx^3*sum_interior(eps0*eps_r*sum(E_i^2)+mu0*mu_r*sum(H_i^2)); same-step Yee samples,"last source-table sample > 1e-6 of that source peak, then one step",15037,1.4334583156568868e-09,3.033048380451024e-23,-18.17779370174291,6.6125328607826365e-25,-16.615114945776874,truncation-suspect,
msl_low,1,16,one_port/0,25177,9.53287434765503e-14,8.668182106348284e-25,-81.49329056116275,field probes,raw/msl_low/1_16/one_port/witness_00.npz,0.5*dx^3*sum_interior(eps0*eps_r*sum(E_i^2)+mu0*mu_r*sum(H_i^2)); same-step Yee samples,"last source-table sample > 1e-6 of that source peak, then one step",15037,1.4334583156568868e-09,3.29795544548893e-23,-15.803167574822963,1.2480206491561358e-24,-14.220230131080434,truncation-suspect,
msl_low,3,16,two_port/0,25177,9.53287434765503e-14,8.50131238691462e-25,-82.71212303631216,field probes,raw/msl_low/3_16/two_port/witness_00.npz,0.5*dx^3*sum_interior(eps0*eps_r*sum(E_i^2)+mu0*mu_r*sum(H_i^2)); same-step Yee samples,"last source-table sample > 1e-6 of that source peak, then one step",15037,1.4334583156568868e-09,1.922940279885584e-23,-13.5447982177145,9.978583607914195e-25,-12.848968961955183,truncation-suspect,
msl_low,3,16,two_port/1,25177,9.53287434765503e-14,8.292015755845908e-25,-85.53231671772224,field probes,raw/msl_low/3_16/two_port/witness_01.npz,0.5*dx^3*sum_interior(eps0*eps_r*sum(E_i^2)+mu0*mu_r*sum(H_i^2)); same-step Yee samples,"last source-table sample > 1e-6 of that source peak, then one step",15037,1.4334583156568868e-09,5.412670651333001e-23,-18.147514834307376,9.93826591312448e-25,-17.361009893046127,truncation-suspect,
msl_low,3,16,one_port/0,25177,9.53287434765503e-14,1.5678762346991865e-24,-80.67437452071047,field probes,raw/msl_low/3_16/one_port/witness_00.npz,0.5*dx^3*sum_interior(eps0*eps_r*sum(E_i^2)+mu0*mu_r*sum(H_i^2)); same-step Yee samples,"last source-table sample > 1e-6 of that source peak, then one step",15037,1.4334583156568868e-09,7.049041430178948e-23,-16.528182858223197,1.778845448102194e-24,-15.97991846305466,truncation-suspect,
waveguide,0,4,solve/0,6884,4.842700168608755e-13,3.833447979030921e-16,-23.893593974773705,modal voltage/current probes,raw/waveguide/0_4/witness_00.npz,,,6884,,,,,,truncation-suspect,source has not ended
waveguide,0.01,4,solve/0,6884,4.842700168608755e-13,3.8323140136727843e-16,-23.894678671598545,modal voltage/current probes,raw/waveguide/0.01_4/witness_00.npz,,,6884,,,,,,truncation-suspect,source has not ended
waveguide,0.03,4,solve/0,6884,4.842700168608755e-13,3.8300558767749636e-16,-23.896857361157352,modal voltage/current probes,raw/waveguide/0.03_4/witness_00.npz,,,6884,,,,,,truncation-suspect,source has not ended
waveguide,0.1,4,solve/0,6884,4.842700168608755e-13,3.822357670773402e-16,-23.904498333480856,modal voltage/current probes,raw/waveguide/0.1_4/witness_00.npz,,,6884,,,,,,truncation-suspect,source has not ended
waveguide,0.3,4,solve/0,6884,4.842700168608755e-13,3.802185581134541e-16,-23.924032037436458,modal voltage/current probes,raw/waveguide/0.3_4/witness_00.npz,,,6884,,,,,,truncation-suspect,source has not ended
waveguide,1,4,solve/0,6884,4.842700168608755e-13,3.7534491582341006e-16,-23.97604268500942,modal voltage/current probes,raw/waveguide/1_4/witness_00.npz,,,6884,,,,,,truncation-suspect,source has not ended
waveguide,3,4,solve/0,6884,4.842700168608755e-13,3.8459838019524887e-16,-23.939164889018727,modal voltage/current probes,raw/waveguide/3_4/witness_00.npz,,,6884,,,,,,truncation-suspect,source has not ended
waveguide,0,8,solve/0,6884,4.842700168608755e-13,2.165780941658297e-18,-46.24683101552134,modal voltage/current probes,raw/waveguide/0_8/witness_00.npz,,,6884,,,,,,truncation-suspect,source has not ended
waveguide,0.01,8,solve/0,6884,4.842700168608755e-13,2.165432698620412e-18,-46.247679196815525,modal voltage/current probes,raw/waveguide/0.01_8/witness_00.npz,,,6884,,,,,,truncation-suspect,source has not ended
waveguide,0.03,8,solve/0,6884,4.842700168608755e-13,2.164719255342085e-18,-46.2493860914222,modal voltage/current probes,raw/waveguide/0.03_8/witness_00.npz,,,6884,,,,,,truncation-suspect,source has not ended
waveguide,0.1,8,solve/0,6884,4.842700168608755e-13,2.162234611577129e-18,-46.25537336685981,modal voltage/current probes,raw/waveguide/0.1_8/witness_00.npz,,,6884,,,,,,truncation-suspect,source has not ended
waveguide,0.3,8,solve/0,6884,4.842700168608755e-13,2.1551005923841654e-18,-46.272751836353905,modal voltage/current probes,raw/waveguide/0.3_8/witness_00.npz,,,6884,,,,,,truncation-suspect,source has not ended
waveguide,1,8,solve/0,6884,4.842700168608755e-13,2.1301234601978204e-18,-46.33565947895388,modal voltage/current probes,raw/waveguide/1_8/witness_00.npz,,,6884,,,,,,truncation-suspect,source has not ended
waveguide,3,8,solve/0,6884,4.842700168608755e-13,2.0616757120751294e-18,-46.51820589637708,modal voltage/current probes,raw/waveguide/3_8/witness_00.npz,,,6884,,,,,,truncation-suspect,source has not ended
waveguide,0,16,solve/0,6884,4.842700168608755e-13,2.5584802975015983e-20,-67.70532960168603,modal voltage/current probes,raw/waveguide/0_16/witness_00.npz,,,6884,,,,,,truncation-suspect,source has not ended
waveguide,0.01,16,solve/0,6884,4.842700168608755e-13,2.5577001304746415e-20,-67.70697548075914,modal voltage/current probes,raw/waveguide/0.01_16/witness_00.npz,,,6884,,,,,,truncation-suspect,source has not ended
waveguide,0.03,16,solve/0,6884,4.842700168608755e-13,2.5561262254888033e-20,-67.71004628742521,modal voltage/current probes,raw/waveguide/0.03_16/witness_00.npz,,,6884,,,,,,truncation-suspect,source has not ended
waveguide,0.1,16,solve/0,6884,4.842700168608755e-13,2.5506810506127316e-20,-67.72071435883807,modal voltage/current probes,raw/waveguide/0.1_16/witness_00.npz,,,6884,,,,,,truncation-suspect,source has not ended
waveguide,0.3,16,solve/0,6884,4.842700168608755e-13,2.535325702698649e-20,-67.75165778637646,modal voltage/current probes,raw/waveguide/0.3_16/witness_00.npz,,,6884,,,,,,truncation-suspect,source has not ended
waveguide,1,16,solve/0,6884,4.842700168608755e-13,2.483515762019273e-20,-67.86112468079394,modal voltage/current probes,raw/waveguide/1_16/witness_00.npz,,,6884,,,,,,truncation-suspect,source has not ended
waveguide,3,16,solve/0,6884,4.842700168608755e-13,2.3439805708805208e-20,-68.18176320237801,modal voltage/current probes,raw/waveguide/3_16/witness_00.npz,,,6884,,,,,,truncation-suspect,source has not ended
patch,0,4,solve/0,19994,5.001581407736339e-13,1.2340099525449778e-26,-45.04640680367552,field probes,raw/patch/0_4/witness_00.npz,0.5*dx^3*sum_interior(eps0*eps_r*sum(E_i^2)+mu0*mu_r*sum(H_i^2)); same-step Yee samples,"last source-table sample > 1e-6 of that source peak, then one step",328,1.6405187017375192e-10,6.464811296207756e-22,-47.19237190231547,1.9265539456892173e-26,-45.25774678361617,below -40 dB,
patch,0.01,4,solve/0,19994,5.001581407736339e-13,1.235381060590986e-26,-45.04107432117985,field probes,raw/patch/0.01_4/witness_00.npz,0.5*dx^3*sum_interior(eps0*eps_r*sum(E_i^2)+mu0*mu_r*sum(H_i^2)); same-step Yee samples,"last source-table sample > 1e-6 of that source peak, then one step",328,1.6405187017375192e-10,6.4648042280140455e-22,-47.18754438827983,1.9288268511723854e-26,-45.252621345695786,below -40 dB,
patch,0.03,4,solve/0,19994,5.001581407736339e-13,1.2381576352732102e-26,-45.02954265258833,field probes,raw/patch/0.03_4/witness_00.npz,0.5*dx^3*sum_interior(eps0*eps_r*sum(E_i^2)+mu0*mu_r*sum(H_i^2)); same-step Yee samples,"last source-table sample > 1e-6 of that source peak, then one step",328,1.6405187017375192e-10,6.464790091626624e-22,-47.17778487991926,1.933407791100907e-26,-45.242309637817456,below -40 dB,
patch,0.1,4,solve/0,19994,5.001581407736339e-13,1.2475696549114306e-26,-44.987795165345155,field probes,raw/patch/0.1_4/witness_00.npz,0.5*dx^3*sum_interior(eps0*eps_r*sum(E_i^2)+mu0*mu_r*sum(H_i^2)); same-step Yee samples,"last source-table sample > 1e-6 of that source peak, then one step",328,1.6405187017375192e-10,6.464740109399669e-22,-47.14486267676924,1.9491101290490895e-26,-45.207146919753185,below -40 dB,
patch,0.3,4,solve/0,19994,5.001581407736339e-13,1.2753150639134598e-26,-44.87175201607286,field probes,raw/patch/0.3_4/witness_00.npz,0.5*dx^3*sum_interior(eps0*eps_r*sum(E_i^2)+mu0*mu_r*sum(H_i^2)); same-step Yee samples,"last source-table sample > 1e-6 of that source peak, then one step",328,1.6405187017375192e-10,6.464598745525454e-22,-47.04924084040709,1.9947491220528272e-26,-45.10653291007891,below -40 dB,
patch,1,4,solve/0,19994,5.001581407736339e-13,1.3710422562412607e-26,-44.49959407677439,field probes,raw/patch/1_4/witness_00.npz,0.5*dx^3*sum_interior(eps0*eps_r*sum(E_i^2)+mu0*mu_r*sum(H_i^2)); same-step Yee samples,"last source-table sample > 1e-6 of that source peak, then one step",328,1.6405187017375192e-10,6.464120632708017e-22,-46.73458612418546,2.1522131543059276e-26,-44.77624171126608,below -40 dB,
patch,3,4,solve/0,19994,5.001581407736339e-13,1.6474589633563077e-26,-43.61518130934957,field probes,raw/patch/3_4/witness_00.npz,0.5*dx^3*sum_interior(eps0*eps_r*sum(E_i^2)+mu0*mu_r*sum(H_i^2)); same-step Yee samples,"last source-table sample > 1e-6 of that source peak, then one step",328,1.6405187017375192e-10,6.462857950388684e-22,-45.93610004967857,2.6027103550110614e-26,-43.94998770562175,below -40 dB,
patch,0,8,solve/0,19994,5.001581407736339e-13,1.1807955837351852e-26,-45.604805608559914,field probes,raw/patch/0_8/witness_00.npz,0.5*dx^3*sum_interior(eps0*eps_r*sum(E_i^2)+mu0*mu_r*sum(H_i^2)); same-step Yee samples,"last source-table sample > 1e-6 of that source peak, then one step",328,1.6405187017375192e-10,6.3872358507480255e-22,-47.33138232730383,1.8293636629012643e-26,-45.43012904581191,below -40 dB,
patch,0.01,8,solve/0,19994,5.001581407736339e-13,1.1807827955603544e-26,-45.60456218311069,field probes,raw/patch/0.01_8/witness_00.npz,0.5*dx^3*sum_interior(eps0*eps_r*sum(E_i^2)+mu0*mu_r*sum(H_i^2)); same-step Yee samples,"last source-table sample > 1e-6 of that source peak, then one step",328,1.6405187017375192e-10,6.387234841006067e-22,-47.33142867566925,1.8293038820357905e-26,-45.430270282499805,below -40 dB,
patch,0.03,8,solve/0,19994,5.001581407736339e-13,1.18104580055356e-26,-45.60496922687791,field probes,raw/patch/0.03_8/witness_00.npz,0.5*dx^3*sum_interior(eps0*eps_r*sum(E_i^2)+mu0*mu_r*sum(H_i^2)); same-step Yee samples,"last source-table sample > 1e-6 of that source peak, then one step",328,1.6405187017375192e-10,6.387233831264108e-22,-47.330460758730624,1.8295471655063655e-26,-45.429692055785445,below -40 dB,
patch,0.1,8,solve/0,19994,5.001581407736339e-13,1.1815812090780996e-26,-45.605623560871145,field probes,raw/patch/0.1_8/witness_00.npz,0.5*dx^3*sum_interior(eps0*eps_r*sum(E_i^2)+mu0*mu_r*sum(H_i^2)); same-step Yee samples,"last source-table sample > 1e-6 of that source peak, then one step",328,1.6405187017375192e-10,6.387225753328439e-22,-47.328486906655165,1.8302277121115142e-26,-45.42807139484787,below -40 dB,
patch,0.3,8,solve/0,19994,5.001581407736339e-13,1.1820705493583695e-26,-45.607406941823214,field probes,raw/patch/0.3_8/witness_00.npz,0.5*dx^3*sum_interior(eps0*eps_r*sum(E_i^2)+mu0*mu_r*sum(H_i^2)); same-step Yee samples,"last source-table sample > 1e-6 of that source peak, then one step",328,1.6405187017375192e-10,6.387207577973182e-22,-47.32667633273279,1.831100389487915e-26,-45.425988755222406,below -40 dB,
patch,1,8,solve/0,19994,5.001581407736339e-13,1.1813829923682233e-26,-45.62558548133663,field probes,raw/patch/1_8/witness_00.npz,0.5*dx^3*sum_interior(eps0*eps_r*sum(E_i^2)+mu0*mu_r*sum(H_i^2)); same-step Yee samples,"last source-table sample > 1e-6 of that source peak, then one step",328,1.6405187017375192e-10,6.3871308375843225e-22,-47.329150982809615,1.8300257205789469e-26,-45.42848618902185,below -40 dB,
patch,3,8,solve/0,19994,5.001581407736339e-13,1.1660234699501418e-26,-45.71225260989456,field probes,raw/patch/3_8/witness_00.npz,0.5*dx^3*sum_interior(eps0*eps_r*sum(E_i^2)+mu0*mu_r*sum(H_i^2)); same-step Yee samples,"last source-table sample > 1e-6 of that source peak, then one step",328,1.6405187017375192e-10,6.386851139061767e-22,-47.38579501921875,1.8050095854197077e-26,-45.48807281449237,below -40 dB,
patch,0,16,solve/0,19994,5.001581407736339e-13,8.963116953434845e-27,-46.75877526224669,field probes,raw/patch/0_16/witness_00.npz,0.5*dx^3*sum_interior(eps0*eps_r*sum(E_i^2)+mu0*mu_r*sum(H_i^2)); same-step Yee samples,"last source-table sample > 1e-6 of that source peak, then one step",328,1.6405187017375192e-10,6.368021471016249e-22,-48.515454557754445,1.3801116914609735e-26,-46.64090284071814,below -40 dB,
patch,0.01,16,solve/0,19994,5.001581407736339e-13,8.9605246517297e-27,-46.75993223060107,field probes,raw/patch/0.01_16/witness_00.npz,0.5*dx^3*sum_interior(eps0*eps_r*sum(E_i^2)+mu0*mu_r*sum(H_i^2)); same-step Yee samples,"last source-table sample > 1e-6 of that source peak, then one step",328,1.6405187017375192e-10,6.36802046127429e-22,-48.51671011197121,1.379865480576883e-26,-46.641676999277266,below -40 dB,
patch,0.03,16,solve/0,19994,5.001581407736339e-13,8.959439197613043e-27,-46.75961177409131,field probes,raw/patch/0.03_16/witness_00.npz,0.5*dx^3*sum_interior(eps0*eps_r*sum(E_i^2)+mu0*mu_r*sum(H_i^2)); same-step Yee samples,"last source-table sample > 1e-6 of that source peak, then one step",328,1.6405187017375192e-10,6.368021471016249e-22,-48.51723692525621,1.3797280462160516e-26,-46.64211026600213,below -40 dB,
patch,0.1,16,solve/0,19994,5.001581407736339e-13,8.95314371781083e-27,-46.763134566529416,field probes,raw/patch/0.1_16/witness_00.npz,0.5*dx^3*sum_interior(eps0*eps_r*sum(E_i^2)+mu0*mu_r*sum(H_i^2)); same-step Yee samples,"last source-table sample > 1e-6 of that source peak, then one step",328,1.6405187017375192e-10,6.368019451532331e-22,-48.520288253741924,1.3788476651198733e-26,-46.644880932747014,below -40 dB,
patch,0.3,16,solve/0,19994,5.001581407736339e-13,8.939612904393543e-27,-46.76929835982864,field probes,raw/patch/0.3_16/witness_00.npz,0.5*dx^3*sum_interior(eps0*eps_r*sum(E_i^2)+mu0*mu_r*sum(H_i^2)); same-step Yee samples,"last source-table sample > 1e-6 of that source peak, then one step",328,1.6405187017375192e-10,6.368014907693517e-22,-48.526853576775046,1.376667512422827e-26,-46.651750076800354,below -40 dB,
patch,1,16,solve/0,19994,5.001581407736339e-13,8.897139986143982e-27,-46.795373198813984,field probes,raw/patch/1_16/witness_00.npz,0.5*dx^3*sum_interior(eps0*eps_r*sum(E_i^2)+mu0*mu_r*sum(H_i^2)); same-step Yee samples,"last source-table sample > 1e-6 of that source peak, then one step",328,1.6405187017375192e-10,6.367999256693158e-22,-48.54752580296147,1.3694703892578496e-26,-46.67450357677169,below -40 dB,
patch,3,16,solve/0,19994,5.001581407736339e-13,8.76846552507156e-27,-46.87010764584602,field probes,raw/patch/3_16/witness_00.npz,0.5*dx^3*sum_interior(eps0*eps_r*sum(E_i^2)+mu0*mu_r*sum(H_i^2)); same-step Yee samples,"last source-table sample > 1e-6 of that source peak, then one step",328,1.6405187017375192e-10,6.367946750111306e-22,-48.610758242932405,1.3482279982688406e-26,-46.74236081331219,below -40 dB,
patch,0,6,solve/0,19994,5.001581407736339e-13,1.325339476437765e-26,-44.943164460597146,field probes,raw/patch/0_6/witness_00.npz,0.5*dx^3*sum_interior(eps0*eps_r*sum(E_i^2)+mu0*mu_r*sum(H_i^2)); same-step Yee samples,"last source-table sample > 1e-6 of that source peak, then one step",328,1.6405187017375192e-10,6.410228684889194e-22,-46.84546389233226,2.0646554486534262e-26,-44.92025936619634,below -40 dB,
patch,0.01,6,solve/0,19994,5.001581407736339e-13,1.325664727486773e-26,-44.941975635439,field probes,raw/patch/0.01_6/witness_00.npz,0.5*dx^3*sum_interior(eps0*eps_r*sum(E_i^2)+mu0*mu_r*sum(H_i^2)); same-step Yee samples,"last source-table sample > 1e-6 of that source peak, then one step",328,1.6405187017375192e-10,6.410229694631152e-22,-46.84439890678157,2.0651739089944553e-26,-44.919169620419616,below -40 dB,
patch,0.03,6,solve/0,19994,5.001581407736339e-13,1.3268108869152768e-26,-44.93768035539677,field probes,raw/patch/0.03_6/witness_00.npz,0.5*dx^3*sum_interior(eps0*eps_r*sum(E_i^2)+mu0*mu_r*sum(H_i^2)); same-step Yee samples,"last source-table sample > 1e-6 of that source peak, then one step",328,1.6405187017375192e-10,6.410232723857028e-22,-46.84064770500781,2.0667286737199602e-26,-44.915903319906846,below -40 dB,
patch,0.1,6,solve/0,19994,5.001581407736339e-13,1.3287207931225267e-26,-44.92433805852181,field probes,raw/patch/0.1_6/witness_00.npz,0.5*dx^3*sum_interior(eps0*eps_r*sum(E_i^2)+mu0*mu_r*sum(H_i^2)); same-step Yee samples,"last source-table sample > 1e-6 of that source peak, then one step",328,1.6405187017375192e-10,6.410238277437801e-22,-46.83440441824029,2.0701184644964773e-26,-44.908789740639214,below -40 dB,
patch,0.3,6,solve/0,19994,5.001581407736339e-13,1.3353016187053e-26,-44.8907306410651,field probes,raw/patch/0.3_6/witness_00.npz,0.5*dx^3*sum_interior(eps0*eps_r*sum(E_i^2)+mu0*mu_r*sum(H_i^2)); same-step Yee samples,"last source-table sample > 1e-6 of that source peak, then one step",328,1.6405187017375192e-10,6.410251908954243e-22,-46.81295721211075,2.080652068697111e-26,-44.88675634096157,below -40 dB,
patch,1,6,solve/0,19994,5.001581407736339e-13,1.351919312637451e-26,-44.796332388343636,field probes,raw/patch/1_6/witness_00.npz,0.5*dx^3*sum_interior(eps0*eps_r*sum(E_i^2)+mu0*mu_r*sum(H_i^2)); same-step Yee samples,"last source-table sample > 1e-6 of that source peak, then one step",328,1.6405187017375192e-10,6.410251404083264e-22,-46.75924290340806,2.107863301769765e-26,-44.8303261969981,below -40 dB,
patch,3,6,solve/0,19994,5.001581407736339e-13,1.3713271397986344e-26,-44.66994373778137,field probes,raw/patch/3_6/witness_00.npz,0.5*dx^3*sum_interior(eps0*eps_r*sum(E_i^2)+mu0*mu_r*sum(H_i^2)); same-step Yee samples,"last source-table sample > 1e-6 of that source peak, then one step",328,1.6405187017375192e-10,6.409914150269064e-22,-46.69711141760338,2.1397602453599153e-26,-44.76487098439292,below -40 dB,
plane,0,4,small/0,4096,4.766437173827515e-12,3.9344482410722843e-31,-137.13703464176808,field probes,raw/plane/0_4/small/witness_00.npz,0.5*dx^3*sum_interior(eps0*eps_r*sum(E_i^2)+mu0*mu_r*sum(H_i^2)); same-step Yee samples,"last source-table sample > 1e-6 of that source peak, then one step",151,7.197320132479548e-10,3.756753662063189e-18,-129.79928882028838,3.9762883167977125e-31,-129.75334851291942,below -40 dB,
plane,0.01,4,small/0,4096,4.766437173827515e-12,3.039438841802528e-29,-131.25173411189087,field probes,raw/plane/0.01_4/small/witness_00.npz,0.5*dx^3*sum_interior(eps0*eps_r*sum(E_i^2)+mu0*mu_r*sum(H_i^2)); same-step Yee samples,"last source-table sample > 1e-6 of that source peak, then one step",151,7.197320132479548e-10,3.748280437458502e-18,-110.9103866718158,3.039438841802528e-29,-110.9103866718158,below -40 dB,
plane,0.03,4,small/0,4096,4.766437173827515e-12,1.2859794002387185e-26,-96.16660765139223,field probes,raw/plane/0.03_4/small/witness_00.npz,0.5*dx^3*sum_interior(eps0*eps_r*sum(E_i^2)+mu0*mu_r*sum(H_i^2)); same-step Yee samples,"last source-table sample > 1e-6 of that source peak, then one step",151,7.197320132479548e-10,3.730964652105623e-18,-84.62587122672448,1.3574706131091527e-26,-84.39090697830525,below -40 dB,
plane,0.1,4,small/0,4096,4.766437173827515e-12,3.493790685365206e-26,-88.76153752759878,field probes,raw/plane/0.1_4/small/witness_00.npz,0.5*dx^3*sum_interior(eps0*eps_r*sum(E_i^2)+mu0*mu_r*sum(H_i^2)); same-step Yee samples,"last source-table sample > 1e-6 of that source peak, then one step",151,7.197320132479548e-10,3.666909853421048e-18,-80.21003350842442,3.493790685365206e-26,-80.21003350842442,below -40 dB,
plane,0.3,4,small/0,4096,4.766437173827515e-12,1.1970053102383324e-24,-85.60677475858155,field probes,raw/plane/0.3_4/small/witness_00.npz,0.5*dx^3*sum_interior(eps0*eps_r*sum(E_i^2)+mu0*mu_r*sum(H_i^2)); same-step Yee samples,"last source-table sample > 1e-6 of that source peak, then one step",151,7.197320132479548e-10,3.462778842240671e-18,-64.61328678233309,1.3247259337057535e-24,-64.17298716860655,below -40 dB,
plane,1,4,small/0,4096,4.766437173827515e-12,6.630793058029285e-23,-56.82512541395436,field probes,raw/plane/1_4/small/witness_00.npz,0.5*dx^3*sum_interior(eps0*eps_r*sum(E_i^2)+mu0*mu_r*sum(H_i^2)); same-step Yee samples,"last source-table sample > 1e-6 of that source peak, then one step",151,7.197320132479548e-10,2.745150650399626e-18,-46.17000708847122,6.630793058029285e-23,-46.17000708847122,below -40 dB,
plane,3,4,small/0,4096,4.766437173827515e-12,1.3310539668392965e-21,-54.67272456157677,field probes,raw/plane/3_4/small/witness_00.npz,0.5*dx^3*sum_interior(eps0*eps_r*sum(E_i^2)+mu0*mu_r*sum(H_i^2)); same-step Yee samples,"last source-table sample > 1e-6 of that source peak, then one step",151,7.197320132479548e-10,3.488858812978702e-18,-34.18487730730474,1.3310539668392965e-21,-34.18487730730474,truncation-suspect,
plane,0,8,small/0,4096,4.766437173827515e-12,1.8836283695796749e-31,-155.9957086911372,field probes,raw/plane/0_8/small/witness_00.npz,0.5*dx^3*sum_interior(eps0*eps_r*sum(E_i^2)+mu0*mu_r*sum(H_i^2)); same-step Yee samples,"last source-table sample > 1e-6 of that source peak, then one step",151,7.197320132479548e-10,1.0578823193698328e-18,-127.49442135941165,1.9099774281016617e-31,-127.43409123893852,below -40 dB,
plane,0.01,8,small/0,4096,4.766437173827515e-12,4.303102547597507e-31,-141.8230869505361,field probes,raw/plane/0.01_8/small/witness_00.npz,0.5*dx^3*sum_interior(eps0*eps_r*sum(E_i^2)+mu0*mu_r*sum(H_i^2)); same-step Yee samples,"last source-table sample > 1e-6 of that source peak, then one step",151,7.197320132479548e-10,1.057174356163064e-18,-123.90364924009127,5.438950765350741e-31,-122.88631492425057,below -40 dB,
plane,0.03,8,small/0,4096,4.766437173827515e-12,1.900243004217248e-29,-130.94727706608953,field probes,raw/plane/0.03_8/small/witness_00.npz,0.5*dx^3*sum_interior(eps0*eps_r*sum(E_i^2)+mu0*mu_r*sum(H_i^2)); same-step Yee samples,"last source-table sample > 1e-6 of that source peak, then one step",151,7.197320132479548e-10,1.0557374400414828e-18,-107.44746781044299,1.900243004217248e-29,-107.44746781044299,below -40 dB,
plane,0.1,8,small/0,4096,4.766437173827515e-12,4.174209331728374e-27,-106.58858074615095,field probes,raw/plane/0.1_8/small/witness_00.npz,0.5*dx^3*sum_interior(eps0*eps_r*sum(E_i^2)+mu0*mu_r*sum(H_i^2)); same-step Yee samples,"last source-table sample > 1e-6 of that source peak, then one step",151,7.197320132479548e-10,1.0504921843797075e-18,-84.00818600983047,4.174209331728374e-27,-84.00818600983047,below -40 dB,
plane,0.3,8,small/0,4096,4.766437173827515e-12,1.4679778232384888e-25,-86.9453253390948,field probes,raw/plane/0.3_8/small/witness_00.npz,0.5*dx^3*sum_interior(eps0*eps_r*sum(E_i^2)+mu0*mu_r*sum(H_i^2)); same-step Yee samples,"last source-table sample > 1e-6 of that source peak, then one step",151,7.197320132479548e-10,1.033953121622016e-18,-68.47781353999464,4.115051496887884e-25,-64.00125574273196,below -40 dB,
plane,1,8,small/0,4096,4.766437173827515e-12,1.3575981620567656e-24,-72.3759444049007,field probes,raw/plane/1_8/small/witness_00.npz,0.5*dx^3*sum_interior(eps0*eps_r*sum(E_i^2)+mu0*mu_r*sum(H_i^2)); same-step Yee samples,"last source-table sample > 1e-6 of that source peak, then one step",151,7.197320132479548e-10,9.677698838237654e-19,-58.530008617541746,2.123006922818849e-24,-56.588206927678684,below -40 dB,
plane,3,8,small/0,4096,4.766437173827515e-12,1.222831511870001e-23,-57.74820819118047,field probes,raw/plane/3_8/small/witness_00.npz,0.5*dx^3*sum_interior(eps0*eps_r*sum(E_i^2)+mu0*mu_r*sum(H_i^2)); same-step Yee samples,"last source-table sample > 1e-6 of that source peak, then one step",151,7.197320132479548e-10,8.263272723536027e-19,-48.29785464788402,7.1889891412975e-23,-40.604842589523074,below -40 dB,
plane,0,16,small/0,4096,4.766437173827515e-12,2.8701121625468048e-31,-136.5806636594329,field probes,raw/plane/0_16/small/witness_00.npz,0.5*dx^3*sum_interior(eps0*eps_r*sum(E_i^2)+mu0*mu_r*sum(H_i^2)); same-step Yee samples,"last source-table sample > 1e-6 of that source peak, then one step",151,7.197320132479548e-10,2.107146321485658e-19,-118.65795825244061,3.134205776368645e-31,-118.27567187635574,below -40 dB,
plane,0.01,16,small/0,4096,4.766437173827515e-12,1.0806390096770338e-30,-142.4923191250657,field probes,raw/plane/0.01_16/small/witness_00.npz,0.5*dx^3*sum_interior(eps0*eps_r*sum(E_i^2)+mu0*mu_r*sum(H_i^2)); same-step Yee samples,"last source-table sample > 1e-6 of that source peak, then one step",151,7.197320132479548e-10,2.1031028300069515e-19,-112.89179866827295,1.1248044953470327e-30,-112.71783464422586,below -40 dB,
plane,0.03,16,small/0,4096,4.766437173827515e-12,6.131941266544677e-30,-141.9880004640715,field probes,raw/plane/0.03_16/small/witness_00.npz,0.5*dx^3*sum_interior(eps0*eps_r*sum(E_i^2)+mu0*mu_r*sum(H_i^2)); same-step Yee samples,"last source-table sample > 1e-6 of that source peak, then one step",151,7.197320132479548e-10,2.0950263160541662e-19,-105.33591496190654,6.92002954283878e-30,-104.81081534057195,below -40 dB,
plane,0.1,16,small/0,4096,4.766437173827515e-12,8.93640221065738e-30,-136.31910007818465,field probes,raw/plane/0.1_16/small/witness_00.npz,0.5*dx^3*sum_interior(eps0*eps_r*sum(E_i^2)+mu0*mu_r*sum(H_i^2)); same-step Yee samples,"last source-table sample > 1e-6 of that source peak, then one step",151,7.197320132479548e-10,2.0668105391251289e-19,-103.64137960117785,1.1362723361150107e-29,-102.59818234045957,below -40 dB,
plane,0.3,16,small/0,4096,4.766437173827515e-12,2.4800976284383267e-29,-136.27686045046636,field probes,raw/plane/0.3_16/small/witness_00.npz,0.5*dx^3*sum_interior(eps0*eps_r*sum(E_i^2)+mu0*mu_r*sum(H_i^2)); same-step Yee samples,"last source-table sample > 1e-6 of that source peak, then one step",151,7.197320132479548e-10,1.9869733928469834e-19,-99.0372327454137,2.4800976284383267e-29,-99.0372327454137,below -40 dB,
plane,1,16,small/0,4096,4.766437173827515e-12,1.0788295339455362e-25,-99.1537507931341,field probes,raw/plane/1_16/small/witness_00.npz,0.5*dx^3*sum_interior(eps0*eps_r*sum(E_i^2)+mu0*mu_r*sum(H_i^2)); same-step Yee samples,"last source-table sample > 1e-6 of that source peak, then one step",151,7.197320132479548e-10,1.725960815705909e-19,-62.04078104599999,1.0788295339455362e-25,-62.04078104599999,below -40 dB,
plane,3,16,small/0,4096,4.766437173827515e-12,6.4048480697585165e-24,-72.70695170751591,field probes,raw/plane/3_16/small/witness_00.npz,0.5*dx^3*sum_interior(eps0*eps_r*sum(E_i^2)+mu0*mu_r*sum(H_i^2)); same-step Yee samples,"last source-table sample > 1e-6 of that source peak, then one step",151,7.197320132479548e-10,1.1893594465608687e-19,-42.68804294085002,9.794372359201058e-24,-40.84336515471818,below -40 dB,
